LOCATION,TIME,Value
AUS,1981,0.900993082
AUS,1984,1.021986798
AUS,1986,1.177023429
AUS,1987,1.135802545
AUS,1988,1.161634682
AUS,1990,1.257607175
AUS,1992,1.459396062
AUS,1994,1.506862035
AUS,1996,1.580641919
AUS,1998,1.436278836
AUS,2000,1.47470572
AUS,2002,1.646284781
AUS,2004,1.727091713
AUS,2006,2.002164234
AUS,2008,2.245126413
AUS,2010,2.180340194
AUS,2011,2.113542836
AUS,2013,2.093862387
AUS,2015,1.8808091
AUS,2017,1.793975515
AUS,2019,1.797294719
AUT,1981,1.089984465
AUT,1982,1.135566832
AUT,1983,1.144742483
AUT,1984,1.194853764
AUT,1985,1.196862828
AUT,1986,1.23623142
AUT,1987,1.243788362
AUT,1988,1.283864795
AUT,1989,1.304151932
AUT,1990,1.350492625
AUT,1991,1.427314371
AUT,1992,1.414441623
AUT,1993,1.431265942
AUT,1994,1.509713215
AUT,1995,1.52975433
AUT,1996,1.580769195
AUT,1997,1.65491086
AUT,1998,1.731547593
AUT,1999,1.845371252
AUT,2000,1.886024244
AUT,2001,1.992104481
AUT,2002,2.065983838
AUT,2003,2.174556416
AUT,2004,2.166116646
AUT,2005,2.373239905
AUT,2006,2.359227098
AUT,2007,2.418432317
AUT,2008,2.569448163
AUT,2009,2.596736777
AUT,2010,2.726100573
AUT,2011,2.668677896
AUT,2012,2.91471878
AUT,2013,2.954918369
AUT,2014,3.084286721
AUT,2015,3.049690499
AUT,2016,3.116547045
AUT,2017,3.056563743
AUT,2018,3.090583758
AUT,2019,3.12972371
AUT,2020,3.20127915
BEL,1983,1.496450527
BEL,1984,1.508356648
BEL,1985,1.558515744
BEL,1986,1.561648126
BEL,1987,1.573954035
BEL,1988,1.529313767
BEL,1989,1.583041148
BEL,1991,1.558954439
BEL,1993,1.63679844
BEL,1994,1.627227284
BEL,1995,1.647285313
BEL,1996,1.742985796
BEL,1997,1.809714311
BEL,1998,1.838251002
BEL,1999,1.905645806
BEL,2000,1.936195166
BEL,2001,2.032791651
BEL,2002,1.903247913
BEL,2003,1.841195004
BEL,2004,1.820504973
BEL,2005,1.790606402
BEL,2006,1.822692776
BEL,2007,1.849994631
BEL,2008,1.936839386
BEL,2009,1.998598447
BEL,2010,2.061876394
BEL,2011,2.173324418
BEL,2012,2.281140634
BEL,2013,2.330725158
BEL,2014,2.370016325
BEL,2015,2.428165588
BEL,2016,2.523377107
BEL,2017,2.666661798
BEL,2018,2.860308276
BEL,2019,3.160004158
BEL,2020,3.477198923
CAN,1981,1.198562268
CAN,1982,1.339066054
CAN,1983,1.308993724
CAN,1984,1.342897837
CAN,1985,1.380125473
CAN,1986,1.416554317
CAN,1987,1.369407455
CAN,1988,1.352381742
CAN,1989,1.417405845
CAN,1990,1.475195578
CAN,1991,1.534684292
CAN,1992,1.578150315
CAN,1993,1.630976779
CAN,1994,1.684655518
CAN,1995,1.653878389
CAN,1996,1.606821782
CAN,1997,1.613803111
CAN,1998,1.710492181
CAN,1999,1.749829105
CAN,2000,1.858470207
CAN,2001,2.021156042
CAN,2002,1.971694588
CAN,2003,1.967807056
CAN,2004,1.997333295
CAN,2005,1.971243467
CAN,2006,1.94299895
CAN,2007,1.903577511
CAN,2008,1.855777859
CAN,2009,1.917415394
CAN,2010,1.825277543
CAN,2011,1.787140592
CAN,2012,1.772328277
CAN,2013,1.705404188
CAN,2014,1.714172855
CAN,2015,1.693242854
CAN,2016,1.728728459
CAN,2017,1.685803458
CAN,2018,1.679165352
CAN,2019,1.591630632
CAN,2020,1.696375326
CZE,1995,0.875934815
CZE,1996,0.889121528
CZE,1997,0.988186851
CZE,1998,1.060221902
CZE,1999,1.049572944
CZE,2000,1.109974525
CZE,2001,1.09870553
CZE,2002,1.098193894
CZE,2003,1.142098247
CZE,2004,1.139353053
CZE,2005,1.160997496
CZE,2006,1.225423725
CZE,2007,1.295723807
CZE,2008,1.233581602
CZE,2009,1.286557967
CZE,2010,1.326704041
CZE,2011,1.544766454
CZE,2012,1.769671428
CZE,2013,1.879240593
CZE,2014,1.958330634
CZE,2015,1.916889603
CZE,2016,1.670028731
CZE,2017,1.768549598
CZE,2018,1.899447184
CZE,2019,1.92772605
CZE,2020,1.9911275
DNK,1981,1.013747389
DNK,1982,1.051404124
DNK,1983,1.099357756
DNK,1984,1.12655938
DNK,1985,1.158511807
DNK,1986,1.236660179
DNK,1987,1.327182688
DNK,1988,1.40298057
DNK,1989,1.447183822
DNK,1990,1.519010151
DNK,1991,1.583289941
DNK,1992,1.613951366
DNK,1993,1.690422468
DNK,1995,1.789031561
DNK,1996,1.806670226
DNK,1997,1.889140981
DNK,1998,2.006187994
DNK,1999,2.127641406
DNK,2001,2.324664287
DNK,2002,2.441445604
DNK,2003,2.510845037
DNK,2004,2.419163315
DNK,2005,2.393372907
DNK,2006,2.403002599
DNK,2007,2.515412389
DNK,2008,2.773457368
DNK,2009,3.05514206
DNK,2010,2.917066277
DNK,2011,2.944651358
DNK,2012,2.981247114
DNK,2013,2.970481536
DNK,2014,2.914093489
DNK,2015,3.054966482
DNK,2016,3.092833563
DNK,2017,2.931243613
DNK,2018,2.966028405
DNK,2019,2.887997885
DNK,2020,2.961544604
FIN,1981,1.146392447
FIN,1983,1.301984187
FIN,1984,1.431453545
FIN,1985,1.51552496
FIN,1986,1.599170928
FIN,1987,1.686921226
FIN,1988,1.717479696
FIN,1989,1.747771194
FIN,1990,1.820021944
FIN,1991,1.968537498
FIN,1992,2.06073952
FIN,1993,2.095206176
FIN,1994,2.213062436
FIN,1995,2.204367912
FIN,1996,2.452558676
FIN,1997,2.621577526
FIN,1998,2.784425016
FIN,1999,3.056194977
FIN,2000,3.241382006
FIN,2001,3.193723334
FIN,2002,3.253077626
FIN,2003,3.298221405
FIN,2004,3.309072208
FIN,2005,3.323698895
FIN,2006,3.332155098
FIN,2007,3.337041567
FIN,2008,3.536968316
FIN,2009,3.734021689
FIN,2010,3.705320262
FIN,2011,3.618062809
FIN,2012,3.398323692
FIN,2013,3.271372008
FIN,2014,3.14750818
FIN,2015,2.871963479
FIN,2016,2.724418209
FIN,2017,2.727871286
FIN,2018,2.757422859
FIN,2019,2.799684806
FIN,2020,2.912918339
FRA,1981,1.867444786
FRA,1982,1.946901549
FRA,1983,1.984298861
FRA,1984,2.074206196
FRA,1985,2.131079876
FRA,1986,2.1196188
FRA,1987,2.161470792
FRA,1988,2.15242593
FRA,1989,2.194768591
FRA,1990,2.274152071
FRA,1991,2.27747064
FRA,1992,2.283088518
FRA,1993,2.318812289
FRA,1994,2.268425747
FRA,1995,2.241079151
FRA,1996,2.222799402
FRA,1997,2.146989216
FRA,1998,2.094757636
FRA,1999,2.107667383
FRA,2000,2.093460978
FRA,2001,2.138042517
FRA,2002,2.174494514
FRA,2003,2.119937208
FRA,2004,2.094612844
FRA,2005,2.051505823
FRA,2006,2.050937992
FRA,2007,2.024512996
FRA,2008,2.061169195
FRA,2009,2.21206518
FRA,2010,2.178573219
FRA,2011,2.191614526
FRA,2012,2.227065823
FRA,2013,2.237025131
FRA,2014,2.27591667
FRA,2015,2.227016847
FRA,2016,2.222383891
FRA,2017,2.198880135
FRA,2018,2.196660102
FRA,2019,2.191788762
FRA,2020,2.354929093
DEU,1981,2.351612025
DEU,1982,2.420257159
DEU,1983,2.409191
DEU,1984,2.428473604
DEU,1985,2.585306935
DEU,1986,2.630580041
DEU,1987,2.727706477
DEU,1988,2.729448108
DEU,1989,2.711178852
DEU,1990,2.605879436
DEU,1991,2.386656577
DEU,1992,2.273039026
DEU,1993,2.205968539
DEU,1994,2.126300029
DEU,1995,2.135198115
DEU,1996,2.144611477
DEU,1997,2.188321291
DEU,1998,2.216129308
DEU,1999,2.347792355
DEU,2000,2.409817362
DEU,2001,2.40437244
DEU,2002,2.436220998
DEU,2003,2.474613872
DEU,2004,2.43518833
DEU,2005,2.441928279
DEU,2006,2.472315478
DEU,2007,2.460480567
DEU,2008,2.615133026
DEU,2009,2.742662559
DEU,2010,2.730237388
DEU,2011,2.805546283
DEU,2012,2.881655551
DEU,2013,2.835986547
DEU,2014,2.877840495
DEU,2015,2.933791744
DEU,2016,2.940389187
DEU,2017,3.047099499
DEU,2018,3.10787993
DEU,2019,3.167702938
DEU,2020,3.14426469
GRC,1981,0.14767742
GRC,1986,0.232272565
GRC,1988,0.25503558
GRC,1989,0.318875511
GRC,1991,0.310491042
GRC,1993,0.402722783
GRC,1995,0.417516618
GRC,1997,0.429098269
GRC,1999,0.568231096
GRC,2001,0.559483888
GRC,2003,0.546536615
GRC,2004,0.527303336
GRC,2005,0.578956184
GRC,2006,0.561182043
GRC,2007,0.57654971
GRC,2008,0.661832067
GRC,2009,0.625568914
GRC,2010,0.603469424
GRC,2011,0.684259788
GRC,2012,0.710051737
GRC,2013,0.81478446
GRC,2014,0.83997594
GRC,2015,0.966054802
GRC,2016,1.005294236
GRC,2017,1.152284368
GRC,2018,1.213710228
GRC,2019,1.275664266
GRC,2020,1.496100803
HUN,1991,1.029180971
HUN,1992,1.012923655
HUN,1993,0.9402925
HUN,1994,0.856194373
HUN,1995,0.7059217
HUN,1996,0.630265062
HUN,1997,0.698951617
HUN,1998,0.657106157
HUN,1999,0.671858998
HUN,2000,0.790957586
HUN,2001,0.913097859
HUN,2002,0.983547016
HUN,2003,0.918650759
HUN,2004,0.859733035
HUN,2005,0.91930705
HUN,2006,0.977103803
HUN,2007,0.954169103
HUN,2008,0.9772714
HUN,2009,1.12762947
HUN,2010,1.12817385
HUN,2011,1.178772798
HUN,2012,1.253806971
HUN,2013,1.383606394
HUN,2014,1.344169793
HUN,2015,1.339200881
HUN,2016,1.179629484
HUN,2017,1.316802777
HUN,2018,1.507550993
HUN,2019,1.477362272
HUN,2020,1.607655871
ISL,1981,0.634855
ISL,1983,0.672207026
ISL,1984,0.7128951
ISL,1985,0.722744787
ISL,1986,0.707725003
ISL,1987,0.74633347
ISL,1989,0.973484951
ISL,1990,0.958380651
ISL,1991,1.133138672
ISL,1992,1.303001604
ISL,1993,1.307734115
ISL,1994,1.353173852
ISL,1995,1.509836326
ISL,1997,1.798081524
ISL,1998,1.950994717
ISL,1999,2.235064946
ISL,2000,2.572011693
ISL,2001,2.839892751
ISL,2002,2.821204104
ISL,2003,2.705499611
ISL,2005,2.679692284
ISL,2006,2.852656806
ISL,2007,2.532935105
ISL,2008,2.464140144
ISL,2009,2.59713372
ISL,2011,2.403665247
ISL,2013,1.69237735
ISL,2014,1.936160269
ISL,2015,2.18138989
ISL,2016,2.109802684
ISL,2017,2.08411605
ISL,2018,2.000198517
ISL,2019,2.323304933
ISL,2020,2.471763117
IRL,1981,0.648873515
IRL,1982,0.64495108
IRL,1983,0.622617575
IRL,1984,0.677601102
IRL,1985,0.734366658
IRL,1986,0.796622106
IRL,1987,0.793014247
IRL,1988,0.763003308
IRL,1989,0.766314254
IRL,1990,0.793225397
IRL,1991,0.894633903
IRL,1992,0.993716279
IRL,1993,1.124715335
IRL,1994,1.217099373
IRL,1995,1.225375154
IRL,1996,1.271564247
IRL,1997,1.242707421
IRL,1998,1.208008755
IRL,1999,1.151410639
IRL,2000,1.08382587
IRL,2001,1.051936023
IRL,2002,1.055754241
IRL,2003,1.124357804
IRL,2004,1.17777843
IRL,2005,1.191966741
IRL,2006,1.198867101
IRL,2007,1.234083043
IRL,2008,1.391263617
IRL,2009,1.613709667
IRL,2010,1.595038231
IRL,2011,1.552800403
IRL,2012,1.557659935
IRL,2013,1.567984486
IRL,2014,1.522158112
IRL,2015,1.182914561
IRL,2016,1.175709965
IRL,2017,1.255401283
IRL,2018,1.169304165
IRL,2019,1.22588725
IRL,2020,1.232329892
ITA,1981,0.828268208
ITA,1982,0.85064041
ITA,1983,0.89567981
ITA,1984,0.951828493
ITA,1985,1.057729373
ITA,1986,1.067321316
ITA,1987,1.119970528
ITA,1988,1.144461574
ITA,1989,1.161600844
ITA,1990,1.201246469
ITA,1991,1.142110493
ITA,1992,1.103736782
ITA,1993,1.051018936
ITA,1994,0.981027348
ITA,1995,0.933569279
ITA,1996,0.945903378
ITA,1997,0.987689651
ITA,1998,1.004867955
ITA,1999,0.980649696
ITA,2000,1.003638383
ITA,2001,1.040703705
ITA,2002,1.081237087
ITA,2003,1.058942569
ITA,2004,1.050251357
ITA,2005,1.044351322
ITA,2006,1.084011276
ITA,2007,1.128991247
ITA,2008,1.159724428
ITA,2009,1.217874664
ITA,2010,1.217970018
ITA,2011,1.201548465
ITA,2012,1.262190426
ITA,2013,1.301074753
ITA,2014,1.338404821
ITA,2015,1.33850443
ITA,2016,1.366422477
ITA,2017,1.370134092
ITA,2018,1.424430865
ITA,2019,1.461603416
ITA,2020,1.530774749
JPN,1981,2.003815074
JPN,1982,2.084062048
JPN,1983,2.193578208
JPN,1984,2.284408046
JPN,1985,2.430913999
JPN,1986,2.39667652
JPN,1987,2.454529205
JPN,1988,2.479450798
JPN,1989,2.581719049
JPN,1990,2.661536531
JPN,1991,2.629913501
JPN,1992,2.57876092
JPN,1993,2.524655489
JPN,1994,2.471422294
JPN,1995,2.563019132
JPN,1996,2.643028325
JPN,1997,2.721765284
JPN,1998,2.827451354
JPN,1999,2.84671783
JPN,2000,2.858408118
JPN,2001,2.923484997
JPN,2002,2.965137192
JPN,2003,2.993195203
JPN,2004,2.981245971
JPN,2005,3.130918982
JPN,2006,3.227655613
JPN,2007,3.292571953
JPN,2008,3.292238812
JPN,2009,3.195898318
JPN,2010,3.104951313
JPN,2011,3.205366018
JPN,2012,3.173705284
JPN,2013,3.27895603
JPN,2014,3.367875199
JPN,2015,3.240707296
JPN,2016,3.106656458
JPN,2017,3.166356159
JPN,2018,3.221142137
JPN,2019,3.214892911
JPN,2020,3.274602094
KOR,1991,1.714954691
KOR,1992,1.797584715
KOR,1993,1.952204334
KOR,1994,2.119432452
KOR,1995,2.160377108
KOR,1996,2.216161771
KOR,1997,2.248296408
KOR,1998,2.110255795
KOR,1999,2.015671913
KOR,2000,2.125194895
KOR,2001,2.278647192
KOR,2002,2.207744259
KOR,2003,2.277224508
KOR,2004,2.442138487
KOR,2005,2.522896141
KOR,2006,2.719338038
KOR,2007,2.872581495
KOR,2008,2.988872005
KOR,2009,3.146685578
KOR,2010,3.315776721
KOR,2011,3.591985221
KOR,2012,3.850404604
KOR,2013,3.951238982
KOR,2014,4.077864757
KOR,2015,3.978200252
KOR,2016,3.987037181
KOR,2017,4.292055599
KOR,2018,4.51633384
KOR,2019,4.62702858
KOR,2020,4.814503321
LUX,2000,1.583135702
LUX,2003,1.623499983
LUX,2004,1.588186362
LUX,2005,1.55873392
LUX,2006,1.648863959
LUX,2007,1.57165274
LUX,2008,1.546630394
LUX,2009,1.588394874
LUX,2010,1.423729589
LUX,2011,1.424527585
LUX,2012,1.206637694
LUX,2013,1.233806915
LUX,2014,1.216999249
LUX,2015,1.252255538
LUX,2016,1.266899976
LUX,2017,1.238980688
LUX,2018,1.167121029
LUX,2019,1.176636334
LUX,2020,1.128600386
MEX,1993,0.177214967
MEX,1994,0.234007665
MEX,1995,0.246045954
MEX,1996,0.250668557
MEX,1997,0.276197685
MEX,1998,0.301958279
MEX,1999,0.344100069
MEX,2000,0.306134903
MEX,2001,0.324179898
MEX,2002,0.354296178
MEX,2003,0.393139264
MEX,2004,0.388162818
MEX,2005,0.398438586
MEX,2006,0.369217256
MEX,2007,0.398333773
MEX,2008,0.443870025
MEX,2009,0.479538784
MEX,2010,0.494848584
MEX,2011,0.471291438
MEX,2012,0.420960514
MEX,2013,0.425028177
MEX,2014,0.435300906
MEX,2015,0.429427152
MEX,2016,0.387775993
MEX,2017,0.328316702
MEX,2018,0.307109396
MEX,2019,0.283847708
MEX,2020,0.297309942
NLD,1981,1.621993744
NLD,1982,1.721262936
NLD,1983,1.758014745
NLD,1984,1.700456243
NLD,1985,1.830990923
NLD,1986,1.937093086
NLD,1987,2.022651616
NLD,1988,1.963227079
NLD,1989,1.875194165
NLD,1990,1.916308422
NLD,1991,1.81527583
NLD,1992,1.752488912
NLD,1993,1.773715886
NLD,1994,1.809476608
NLD,1995,1.822710788
NLD,1996,1.840928894
NLD,1997,1.84477398
NLD,1998,1.74206397
NLD,1999,1.822824162
NLD,2000,1.789795291
NLD,2001,1.796086586
NLD,2002,1.74543089
NLD,2003,1.78389657
NLD,2004,1.789013879
NLD,2005,1.77387939
NLD,2006,1.740667116
NLD,2007,1.670300564
NLD,2008,1.622687338
NLD,2009,1.665701089
NLD,2010,1.704039663
NLD,2011,1.881314735
NLD,2012,1.916273749
NLD,2013,2.156063247
NLD,2014,2.173297993
NLD,2015,2.146062075
NLD,2016,2.150812396
NLD,2017,2.1785663
NLD,2018,2.138795613
NLD,2019,2.184354072
NLD,2020,2.29422756
NZL,1981,0.971475816
NZL,1983,0.867044265
NZL,1989,0.832719234
NZL,1990,0.951330629
NZL,1991,0.940304793
NZL,1992,0.96451238
NZL,1993,0.97655695
NZL,1995,0.924131963
NZL,1997,1.056485195
NZL,1999,0.96386968
NZL,2001,1.10028591
NZL,2003,1.148911434
NZL,2005,1.120433051
NZL,2007,1.157639294
NZL,2009,1.252148673
NZL,2011,1.232249736
NZL,2013,1.153390151
NZL,2015,1.228166366
NZL,2017,1.346544715
NZL,2019,1.412667112
NOR,1981,1.154424637
NOR,1982,1.224880974
NOR,1983,1.265586881
NOR,1984,1.347796385
NOR,1985,1.44201123
NOR,1987,1.607040756
NOR,1989,1.627452779
NOR,1991,1.595153445
NOR,1993,1.667360299
NOR,1995,1.651642859
NOR,1997,1.593495365
NOR,1999,1.605346969
NOR,2001,1.562590695
NOR,2002,1.629697391
NOR,2003,1.679579403
NOR,2004,1.54416103
NOR,2005,1.482386568
NOR,2006,1.455315282
NOR,2007,1.564574182
NOR,2008,1.554480283
NOR,2009,1.724720103
NOR,2010,1.649988289
NOR,2011,1.627123451
NOR,2012,1.620871827
NOR,2013,1.652377033
NOR,2014,1.715061764
NOR,2015,1.935260327
NOR,2016,2.04460213
NOR,2017,2.099186073
NOR,2018,2.047809449
NOR,2019,2.156047284
NOR,2020,2.278041367
POL,1990,0.859158881
POL,1991,0.722197734
POL,1992,0.742631089
POL,1993,0.742267362
POL,1994,0.682670209
POL,1995,0.618095404
POL,1996,0.639365404
POL,1997,0.643152654
POL,1998,0.659706837
POL,1999,0.680547937
POL,2000,0.640776076
POL,2001,0.621586902
POL,2002,0.556749822
POL,2003,0.538061647
POL,2004,0.552497023
POL,2005,0.562779522
POL,2006,0.551021992
POL,2007,0.561933056
POL,2008,0.599437915
POL,2009,0.661059383
POL,2010,0.719925576
POL,2011,0.746634246
POL,2012,0.884103035
POL,2013,0.875908774
POL,2014,0.944821428
POL,2015,1.002752744
POL,2016,0.962872293
POL,2017,1.034181226
POL,2018,1.208914763
POL,2019,1.320636456
POL,2020,1.392049362
PRT,1982,0.269620888
PRT,1983,0.295727169
PRT,1984,0.306297256
PRT,1985,0.337375468
PRT,1986,0.342805046
PRT,1987,0.366667515
PRT,1988,0.368769899
PRT,1989,0.429422994
PRT,1990,0.463676318
PRT,1991,0.513568126
PRT,1992,0.55349702
PRT,1993,0.550867102
PRT,1994,0.532405195
PRT,1995,0.516730053
PRT,1996,0.5494979
PRT,1997,0.56374211
PRT,1998,0.624857542
PRT,1999,0.681207731
PRT,2000,0.721561686
PRT,2001,0.764818032
PRT,2002,0.721834883
PRT,2003,0.698018754
PRT,2004,0.729299234
PRT,2005,0.757547228
PRT,2006,0.954479504
PRT,2007,1.124170485
PRT,2008,1.443347158
PRT,2009,1.580011399
PRT,2010,1.535294716
PRT,2011,1.457413801
PRT,2012,1.378605993
PRT,2013,1.3246765
PRT,2014,1.289916954
PRT,2015,1.243297938
PRT,2016,1.280749327
PRT,2017,1.319283663
PRT,2018,1.349554852
PRT,2019,1.395624232
PRT,2020,1.617397875
SVK,1990,1.606492743
SVK,1991,2.065853386
SVK,1992,1.726586569
SVK,1993,1.332430032
SVK,1994,0.873630133
SVK,1995,0.902401452
SVK,1996,0.889626423
SVK,1997,1.051081702
SVK,1998,0.765412325
SVK,1999,0.644750786
SVK,2000,0.63806501
SVK,2001,0.624652336
SVK,2002,0.563139309
SVK,2003,0.561454564
SVK,2004,0.50069219
SVK,2005,0.493316228
SVK,2006,0.474880115
SVK,2007,0.447458203
SVK,2008,0.461374597
SVK,2009,0.472723062
SVK,2010,0.607907228
SVK,2011,0.655369948
SVK,2012,0.797735132
SVK,2013,0.823091473
SVK,2014,0.88002203
SVK,2015,1.160712865
SVK,2016,0.791015141
SVK,2017,0.886936984
SVK,2018,0.839703435
SVK,2019,0.825737121
SVK,2020,0.911092317
ESP,1981,0.388859372
ESP,1982,0.445834142
ESP,1983,0.43911103
ESP,1984,0.456125007
ESP,1985,0.505284171
ESP,1986,0.561630814
ESP,1987,0.585681212
ESP,1988,0.656558325
ESP,1989,0.691082062
ESP,1990,0.778618129
ESP,1991,0.799323644
ESP,1992,0.835898143
ESP,1993,0.834113621
ESP,1994,0.771256229
ESP,1995,0.770777394
ESP,1996,0.787532708
ESP,1997,0.777806549
ESP,1998,0.848035081
ESP,1999,0.838537038
ESP,2000,0.882762858
ESP,2001,0.888333692
ESP,2002,0.959711668
ESP,2003,1.023729785
ESP,2004,1.040886185
ESP,2005,1.099562628
ESP,2006,1.177022035
ESP,2007,1.240528758
ESP,2008,1.324997724
ESP,2009,1.363636217
ESP,2010,1.359963886
ESP,2011,1.333407404
ESP,2012,1.298770225
ESP,2013,1.275231392
ESP,2014,1.242131185
ESP,2015,1.222357297
ESP,2016,1.19047619
ESP,2017,1.210417724
ESP,2018,1.242126591
ESP,2019,1.251391261
ESP,2020,1.405412729
SWE,1981,2.028502428
SWE,1983,2.259066519
SWE,1985,2.54514808
SWE,1987,2.633075063
SWE,1989,2.581469819
SWE,1991,2.518089596
SWE,1993,2.956800629
SWE,1995,3.095439258
SWE,1997,3.273943922
SWE,1999,3.381317239
SWE,2001,3.873802777
SWE,2003,3.579477509
SWE,2004,3.361289014
SWE,2005,3.359575038
SWE,2006,3.474995723
SWE,2007,3.233825601
SWE,2008,3.469994751
SWE,2009,3.395280751
SWE,2010,3.167886778
SWE,2011,3.18701791
SWE,2012,3.230249051
SWE,2013,3.260416604
SWE,2014,3.10183759
SWE,2015,3.21903452
SWE,2016,3.247361117
SWE,2017,3.362785708
SWE,2018,3.321061258
SWE,2019,3.387582311
SWE,2020,3.527219927
CHE,1981,1.914739511
CHE,1983,1.929150969
CHE,1986,2.449136165
CHE,1989,2.433035466
CHE,1992,2.307361231
CHE,1996,2.373922753
CHE,2000,2.258801584
CHE,2004,2.597772428
CHE,2008,2.638836487
CHE,2012,2.850935191
CHE,2015,3.043109998
CHE,2017,3.034127035
CHE,2019,3.14685792
TUR,1990,0.235592737
TUR,1991,0.383626306
TUR,1992,0.355647186
TUR,1993,0.321446094
TUR,1994,0.262543743
TUR,1995,0.275956315
TUR,1996,0.327809494
TUR,1997,0.356915987
TUR,1998,0.36197543
TUR,1999,0.455568114
TUR,2000,0.465577217
TUR,2001,0.522469853
TUR,2002,0.509041405
TUR,2003,0.465315834
TUR,2004,0.497126591
TUR,2005,0.56380674
TUR,2006,0.552917544
TUR,2007,0.686164199
TUR,2008,0.687409957
TUR,2009,0.803624219
TUR,2010,0.793686043
TUR,2011,0.793930583
TUR,2012,0.825952221
TUR,2013,0.812059898
TUR,2014,0.856398637
TUR,2015,0.876893337
TUR,2016,0.938156932
TUR,2017,0.952721618
TUR,2018,1.025165993
TUR,2019,1.064288073
TUR,2020,1.088926054
GBR,1981,2.238511994
GBR,1983,2.062501354
GBR,1985,2.087601082
GBR,1986,2.101576609
GBR,1987,2.022304344
GBR,1988,1.961221175
GBR,1989,1.953886237
GBR,1990,1.947624794
GBR,1991,1.872320461
GBR,1992,1.839713168
GBR,1993,1.863581515
GBR,1994,1.836322256
GBR,1995,1.644753806
GBR,1996,1.573325461
GBR,1997,1.538613352
GBR,1998,1.548053227
GBR,1999,1.624676129
GBR,2000,1.612926718
GBR,2001,1.601193671
GBR,2002,1.615325421
GBR,2003,1.579251887
GBR,2004,1.530705816
GBR,2005,1.549037764
GBR,2006,1.571257149
GBR,2007,1.610133336
GBR,2008,1.603826672
GBR,2009,1.660989519
GBR,2010,1.635162
GBR,2011,1.639985169
GBR,2012,1.56888033
GBR,2013,1.610295819
GBR,2014,1.630967901
GBR,2015,1.634239556
GBR,2016,1.642813435
GBR,2017,1.659810514
GBR,2018,1.704941179
GBR,2019,1.707992301
USA,1981,2.268434258
USA,1982,2.427362119
USA,1983,2.48767523
USA,1984,2.547903886
USA,1985,2.655436322
USA,1986,2.632564768
USA,1987,2.608875784
USA,1988,2.562851661
USA,1989,2.521024589
USA,1990,2.555509231
USA,1991,2.620727769
USA,1992,2.543349986
USA,1993,2.422469523
USA,1994,2.327529054
USA,1995,2.409463873
USA,1996,2.450008182
USA,1997,2.479830947
USA,1998,2.504011722
USA,1999,2.549513185
USA,2000,2.629150932
USA,2001,2.648269517
USA,2002,2.560968379
USA,2003,2.56494813
USA,2004,2.501719707
USA,2005,2.516473982
USA,2006,2.557459935
USA,2007,2.627539099
USA,2008,2.757222782
USA,2009,2.807039089
USA,2010,2.725056931
USA,2011,2.755124431
USA,2012,2.672264068
USA,2013,2.702147502
USA,2014,2.717859421
USA,2015,2.786995271
USA,2016,2.853452663
USA,2017,2.905138359
USA,2018,3.013203142
USA,2019,3.175077302
USA,2020,3.450180738
ARG,1996,0.373436483
ARG,1997,0.375309984
ARG,1998,0.367874966
ARG,1999,0.405491517
ARG,2000,0.392498718
ARG,2001,0.37976706
ARG,2002,0.347796478
ARG,2003,0.366816404
ARG,2004,0.403759771
ARG,2005,0.42074496
ARG,2006,0.452155425
ARG,2007,0.46006591
ARG,2008,0.470544809
ARG,2009,0.58705209
ARG,2010,0.564050123
ARG,2011,0.569338199
ARG,2012,0.638878111
ARG,2013,0.622336145
ARG,2014,0.592492534
ARG,2015,0.618540979
ARG,2016,0.530192017
ARG,2017,0.556314999
ARG,2018,0.501220517
ARG,2019,0.464695218
CHL,2007,0.309565375
CHL,2008,0.374967889
CHL,2009,0.352021253
CHL,2010,0.329474896
CHL,2011,0.351442057
CHL,2012,0.362204702
CHL,2013,0.388699662
CHL,2014,0.375034342
CHL,2015,0.380727106
CHL,2016,0.369342945
CHL,2017,0.35592638
CHL,2018,0.366472709
CHL,2019,0.340954529
CHN,1991,0.72463373
CHN,1992,0.728198717
CHN,1993,0.69522779
CHN,1994,0.629678746
CHN,1995,0.568455443
CHN,1996,0.563235933
CHN,1997,0.638725459
CHN,1998,0.646888627
CHN,1999,0.749632306
CHN,2000,0.89316325
CHN,2001,0.940330913
CHN,2002,1.057860257
CHN,2003,1.120366462
CHN,2004,1.214982433
CHN,2005,1.307915592
CHN,2006,1.368536788
CHN,2007,1.373694104
CHN,2008,1.445920088
CHN,2009,1.664795447
CHN,2010,1.713721488
CHN,2011,1.780343022
CHN,2012,1.912141
CHN,2013,1.99786394
CHN,2014,2.02243256
CHN,2015,2.05701037
CHN,2016,2.10032842
CHN,2017,2.116029774
CHN,2018,2.140578042
CHN,2019,2.234772159
CHN,2020,2.400929967
EST,1998,0.565004959
EST,1999,0.677071055
EST,2000,0.600007212
EST,2001,0.698381849
EST,2002,0.711618207
EST,2003,0.764649332
EST,2004,0.845837946
EST,2005,0.917042448
EST,2006,1.112772341
EST,2007,1.05874252
EST,2008,1.251883515
EST,2009,1.396796722
EST,2010,1.578983651
EST,2011,2.305215
EST,2012,2.124805798
EST,2013,1.724119915
EST,2014,1.430231283
EST,2015,1.467765455
EST,2016,1.243061988
EST,2017,1.276852075
EST,2018,1.416238992
EST,2019,1.633366707
EST,2020,1.792467261
ISR,1991,2.213540876
ISR,1992,2.270610281
ISR,1993,2.369231641
ISR,1994,2.420602174
ISR,1995,2.428139926
ISR,1996,2.586209032
ISR,1997,2.805871336
ISR,1998,2.917300883
ISR,1999,3.32852811
ISR,2000,3.929943321
ISR,2001,4.183080004
ISR,2002,4.129837193
ISR,2003,3.890577421
ISR,2004,3.870759345
ISR,2005,4.044555749
ISR,2006,4.137985221
ISR,2007,4.417344928
ISR,2008,4.330119342
ISR,2009,4.123291479
ISR,2010,3.924362634
ISR,2011,4.002691016
ISR,2012,4.141548386
ISR,2013,4.074782526
ISR,2014,4.155363115
ISR,2015,4.261484284
ISR,2016,4.510863207
ISR,2017,4.656755384
ISR,2018,4.796615551
ISR,2019,5.13983103
ISR,2020,5.435621208
ROU,1991,0.743700325
ROU,1992,0.804157722
ROU,1993,0.866368342
ROU,1994,0.734072082
ROU,1995,0.758347568
ROU,1996,0.674718336
ROU,1997,0.57450912
ROU,1998,0.495407442
ROU,1999,0.398322764
ROU,2000,0.366258496
ROU,2001,0.391291781
ROU,2002,0.377211822
ROU,2003,0.397079059
ROU,2004,0.389422706
ROU,2005,0.412623635
ROU,2006,0.456818218
ROU,2007,0.511482387
ROU,2008,0.552150603
ROU,2009,0.443950247
ROU,2010,0.456651047
ROU,2011,0.498636672
ROU,2012,0.48542284
ROU,2013,0.388173841
ROU,2014,0.381610679
ROU,2015,0.48838137
ROU,2016,0.481258426
ROU,2017,0.503218165
ROU,2018,0.501117648
ROU,2019,0.478324864
ROU,2020,0.468827145
RUS,1989,1.773550861
RUS,1990,1.892051874
RUS,1991,1.332246153
RUS,1992,0.689430745
RUS,1993,0.715774081
RUS,1994,0.785291242
RUS,1995,0.792651714
RUS,1996,0.900225934
RUS,1997,0.972755301
RUS,1998,0.888960048
RUS,1999,0.928479408
RUS,2000,0.978436685
RUS,2001,1.096900331
RUS,2002,1.161744853
RUS,2003,1.197321175
RUS,2004,1.071913208
RUS,2005,0.994296832
RUS,2006,0.998925868
RUS,2007,1.039122831
RUS,2008,0.97230527
RUS,2009,1.165557789
RUS,2010,1.052232846
RUS,2011,1.015448468
RUS,2012,1.027656902
RUS,2013,1.027321227
RUS,2014,1.072411198
RUS,2015,1.100852282
RUS,2016,1.102380719
RUS,2017,1.109666157
RUS,2018,0.990016613
RUS,2019,1.038786836
RUS,2020,1.098029538
SGP,1994,1.043912598
SGP,1995,1.097962211
SGP,1996,1.319912327
SGP,1997,1.415644902
SGP,1998,1.737070387
SGP,1999,1.816242457
SGP,2000,1.816987498
SGP,2001,2.009303505
SGP,2002,2.032817516
SGP,2003,1.996791637
SGP,2004,2.078592626
SGP,2005,2.148056393
SGP,2006,2.116563092
SGP,2007,2.319859067
SGP,2008,2.596735947
SGP,2009,2.127902633
SGP,2010,1.929181623
SGP,2011,2.069548755
SGP,2012,1.918334032
SGP,2013,1.921039374
SGP,2014,2.082281922
SGP,2015,2.174449945
SGP,2016,2.074713163
SGP,2017,1.898722483
SGP,2018,1.813907804
SGP,2019,1.890639385
SVN,1993,1.531333152
SVN,1994,1.682805485
SVN,1995,1.487793088
SVN,1996,1.264730707
SVN,1997,1.246431366
SVN,1998,1.305146375
SVN,1999,1.336877686
SVN,2000,1.359816613
SVN,2001,1.467670057
SVN,2002,1.443247516
SVN,2003,1.247916446
SVN,2004,1.370263966
SVN,2005,1.417775545
SVN,2006,1.537052303
SVN,2007,1.427033587
SVN,2008,1.626731841
SVN,2009,1.811841184
SVN,2010,2.051325096
SVN,2011,2.412971178
SVN,2012,2.560613009
SVN,2013,2.564868238
SVN,2014,2.3654796
SVN,2015,2.19564741
SVN,2016,2.00763704
SVN,2017,1.86530114
SVN,2018,1.946448291
SVN,2019,2.047036302
SVN,2020,2.147346482
ZAF,1983,0.790632342
ZAF,1985,0.818678631
ZAF,1987,0.737501158
ZAF,1989,0.683413309
ZAF,1991,0.814036015
ZAF,1993,0.591272409
ZAF,1997,0.583544417
ZAF,2001,0.715781011
ZAF,2003,0.760511252
ZAF,2004,0.813341049
ZAF,2005,0.863151104
ZAF,2006,0.89814994
ZAF,2007,0.882865198
ZAF,2008,0.888158989
ZAF,2009,0.835621015
ZAF,2010,0.737035791
ZAF,2011,0.734513757
ZAF,2012,0.733629558
ZAF,2013,0.724879656
ZAF,2014,0.771150624
ZAF,2015,0.798459349
ZAF,2016,0.818822569
ZAF,2017,0.832146409
TWN,1995,1.691651806
TWN,1996,1.717714794
TWN,1997,1.795730114
TWN,1998,1.883935488
TWN,1999,1.943193273
TWN,2000,1.913441501
TWN,2001,2.025549178
TWN,2002,2.111092249
TWN,2003,2.223921209
TWN,2004,2.270311998
TWN,2005,2.334368224
TWN,2006,2.44211627
TWN,2007,2.482963782
TWN,2008,2.672309313
TWN,2009,2.841087996
TWN,2010,2.815572963
TWN,2011,2.912290558
TWN,2012,2.956832053
TWN,2013,3.002038415
TWN,2014,2.98031505
TWN,2015,2.99980018
TWN,2016,3.086007654
TWN,2017,3.194630929
TWN,2018,3.352300744
TWN,2019,3.488764009
TWN,2020,3.636459829
OECD,1991,2.018770025
OECD,1992,1.982362398
OECD,1993,1.93525271
OECD,1994,1.889165971
OECD,1995,1.919715445
OECD,1996,1.944303311
OECD,1997,1.965639604
OECD,1998,1.997173695
OECD,1999,2.041218408
OECD,2000,2.084849303
OECD,2001,2.121197955
OECD,2002,2.098451102
OECD,2003,2.102550865
OECD,2004,2.074723905
OECD,2005,2.104413797
OECD,2006,2.131372438
OECD,2007,2.173963059
OECD,2008,2.239925929
OECD,2009,2.285491511
OECD,2010,2.245494092
OECD,2011,2.274394556
OECD,2012,2.267108366
OECD,2013,2.29277012
OECD,2014,2.315437121
OECD,2015,2.327828064
OECD,2016,2.326570498
OECD,2017,2.367468902
OECD,2018,2.438051328
OECD,2019,2.514988806
OECD,2020,2.680949482
LVA,1995,0.431489182
LVA,1996,0.396879248
LVA,1997,0.366266838
LVA,1998,0.379217096
LVA,1999,0.351825199
LVA,2000,0.434827742
LVA,2001,0.402618563
LVA,2002,0.408427424
LVA,2003,0.359293186
LVA,2004,0.398393291
LVA,2005,0.527072348
LVA,2006,0.646911255
LVA,2007,0.551065908
LVA,2008,0.577202484
LVA,2009,0.448578758
LVA,2010,0.605712191
LVA,2011,0.715617512
LVA,2012,0.663065513
LVA,2013,0.613213498
LVA,2014,0.689077137
LVA,2015,0.619401024
LVA,2016,0.435136929
LVA,2017,0.511035381
LVA,2018,0.638687095
LVA,2019,0.636925591
LVA,2020,0.707377355
LTU,1995,0.428852999
LTU,1996,0.491702869
LTU,1997,0.536671791
LTU,1998,0.543805509
LTU,1999,0.502062051
LTU,2000,0.585531721
LTU,2001,0.667615892
LTU,2002,0.657551312
LTU,2003,0.664126274
LTU,2004,0.751402248
LTU,2005,0.748210573
LTU,2006,0.792041311
LTU,2007,0.801738112
LTU,2008,0.7893156
LTU,2009,0.830839422
LTU,2010,0.783303507
LTU,2011,0.902693362
LTU,2012,0.893042643
LTU,2013,0.948716776
LTU,2014,1.030107976
LTU,2015,1.043413346
LTU,2016,0.84240977
LTU,2017,0.896261084
LTU,2018,0.93663154
LTU,2019,0.994677218
LTU,2020,1.155281937
COL,2000,0.140081247
COL,2001,0.141036073
COL,2002,0.16390567
COL,2003,0.179071814
COL,2004,0.173721659
COL,2005,0.165566684
COL,2006,0.164266293
COL,2007,0.183066503
COL,2008,0.195410507
COL,2009,0.193505311
COL,2010,0.193579082
COL,2011,0.198419817
COL,2012,0.221158538
COL,2013,0.257607233
COL,2014,0.303173607
COL,2015,0.36542298
COL,2016,0.270510535
COL,2017,0.261087768
COL,2018,0.312330762
COL,2019,0.321693074
COL,2020,0.28811814
EU27_2020,1991,1.646047338
EU27_2020,1992,1.628441936
EU27_2020,1993,1.616963844
EU27_2020,1994,1.572593315
EU27_2020,1995,1.5638115
EU27_2020,1996,1.574820328
EU27_2020,1997,1.589703925
EU27_2020,1998,1.59807427
EU27_2020,1999,1.648045636
EU27_2020,2000,1.675563944
EU27_2020,2001,1.698713057
EU27_2020,2002,1.709006129
EU27_2020,2003,1.702976871
EU27_2020,2004,1.681158271
EU27_2020,2005,1.680398952
EU27_2020,2006,1.701863419
EU27_2020,2007,1.703448355
EU27_2020,2008,1.778832231
EU27_2020,2009,1.857887505
EU27_2020,2010,1.861911369
EU27_2020,2011,1.906896703
EU27_2020,2012,1.961102273
EU27_2020,2013,1.976458459
EU27_2020,2014,2.00090853
EU27_2020,2015,2.004072926
EU27_2020,2016,1.991883783
EU27_2020,2017,2.030300075
EU27_2020,2018,2.074024808
EU27_2020,2019,2.109543831
EU27_2020,2020,2.204172845
