LOCATION,TIME,Percentage,Value
AUS,1981,0.900993082,3528.129244
AUS,1984,1.021986798,4307.796659
AUS,1986,1.177023429,5292.788792
AUS,1987,1.135802545,5400.782715
AUS,1988,1.161634682,5737.072302
AUS,1990,1.257607175,6407.597166
AUS,1992,1.459396062,7767.659363
AUS,1994,1.506862035,8659.267591
AUS,1996,1.580641919,9802.037302
AUS,1998,1.436278836,9777.746456
AUS,2000,1.47470572,10644.76515
AUS,2002,1.646284781,12744.76513
AUS,2004,1.727091713,14372.93466
AUS,2006,2.002164234,17761.48983
AUS,2008,2.245126413,21014.3849
AUS,2010,2.180340194,21366.29068
AUS,2011,2.113542836,21523.06124
AUS,2013,2.093862387,22437.77588
AUS,2015,1.8808091,21157.07665
AUS,2017,1.793975515,21236.28968
AUS,2019,1.797294719,21724.33226
AUT,1981,1.089984465,2366.046353
AUT,1982,1.135566832,2514.569983
AUT,1983,1.144742483,2610.25277
AUT,1984,1.194853764,2725.913996
AUT,1985,1.196862828,2798.723783
AUT,1986,1.23623142,2957.310894
AUT,1987,1.243788362,3015.769622
AUT,1988,1.283864795,3215.540357
AUT,1989,1.304151932,3393.316596
AUT,1990,1.350492625,3666.593147
AUT,1991,1.427314371,4008.533234
AUT,1992,1.414441623,4055.543609
AUT,1993,1.431265942,4125.402087
AUT,1994,1.509713215,4456.042725
AUT,1995,1.52975433,4635.660407
AUT,1996,1.580769195,4902.800882
AUT,1997,1.65491086,5240.21267
AUT,1998,1.731547593,5679.245267
AUT,1999,1.845371252,6267.821191
AUT,2000,1.886024244,6622.144838
AUT,2001,1.992104481,7083.243669
AUT,2002,2.065983838,7467.255501
AUT,2003,2.174556416,7933.674896
AUT,2004,2.166116646,8119.036502
AUT,2005,2.373239905,9094.993762
AUT,2006,2.359227098,9353.582347
AUT,2007,2.418432317,9945.708354
AUT,2008,2.569448163,10721.07451
AUT,2009,2.596736777,10427.04714
AUT,2010,2.726100573,11147.59748
AUT,2011,2.668677896,11231.74266
AUT,2012,2.91471878,12350.73416
AUT,2013,2.954918369,12524.26805
AUT,2014,3.084286721,13159.03457
AUT,2015,3.049690499,13143.4318
AUT,2016,3.116547045,13698.78001
AUT,2017,3.056563743,13738.56545
AUT,2018,3.090583758,14238.98628
AUT,2019,3.12972371,14634.33484
AUT,2020,3.20127915,13960.83811
BEL,1983,1.496450527,4080.082026
BEL,1984,1.508356648,4213.975218
BEL,1985,1.558515744,4426.028153
BEL,1986,1.561648126,4515.761915
BEL,1987,1.573954035,4656.330532
BEL,1988,1.529313767,4737.958969
BEL,1989,1.583041148,5074.553703
BEL,1991,1.558954439,5248.607741
BEL,1993,1.63679844,5541.221382
BEL,1994,1.627227284,5686.587191
BEL,1995,1.647285313,5893.965862
BEL,1996,1.742985796,6318.791685
BEL,1997,1.809714311,6809.590991
BEL,1998,1.838251002,7052.666485
BEL,1999,1.905645806,7570.252873
BEL,2000,1.936195166,7977.483942
BEL,2001,2.032791651,8467.577766
BEL,2002,1.903247913,8063.285538
BEL,2003,1.841195004,7881.359375
BEL,2004,1.820504973,8071.09091
BEL,2005,1.790606402,8122.849498
BEL,2006,1.822692776,8479.443728
BEL,2007,1.849994631,8922.905268
BEL,2008,1.936839386,9383.526497
BEL,2009,1.998598447,9487.071281
BEL,2010,2.061876394,10067.78399
BEL,2011,2.173324418,10791.78654
BEL,2012,2.281140634,11410.8874
BEL,2013,2.330725158,11712.4654
BEL,2014,2.370016325,12097.91508
BEL,2015,2.428165588,12647.77566
BEL,2016,2.523377107,13310.20093
BEL,2017,2.666661798,14293.8029
BEL,2018,2.860308276,15610.70039
BEL,2019,3.160004158,17617.07077
BEL,2020,3.477198923,18288.2866
CAN,1981,1.198562268,8603.079596
CAN,1982,1.339066054,9305.245647
CAN,1983,1.308993724,9332.896223
CAN,1984,1.342897837,10140.33931
CAN,1985,1.380125473,10915.15415
CAN,1986,1.416554317,11443.56992
CAN,1987,1.369407455,11513.27522
CAN,1988,1.352381742,11871.56719
CAN,1989,1.417405845,12730.65314
CAN,1990,1.475195578,13271.51932
CAN,1991,1.534684292,13518.6867
CAN,1992,1.578150315,14026.71927
CAN,1993,1.630976779,14881.96916
CAN,1994,1.684655518,16062.64359
CAN,1995,1.653878389,16194.01199
CAN,1996,1.606821782,15988.004
CAN,1997,1.613803111,16744.73488
CAN,1998,1.710492181,18439.46358
CAN,1999,1.749829105,19837.43128
CAN,2000,1.858470207,22159.95156
CAN,2001,2.021156042,24531.15781
CAN,2002,1.971694588,24653.07936
CAN,2003,1.967807056,25047.72561
CAN,2004,1.997333295,26208.37811
CAN,2005,1.971243467,26694.83522
CAN,2006,1.94299895,27005.49139
CAN,2007,1.903577511,27005.73264
CAN,2008,1.855777859,26592.01236
CAN,2009,1.917415394,26671.32237
CAN,2010,1.825277543,26174.202
CAN,2011,1.787140592,26433.5853
CAN,2012,1.772328277,26676.12364
CAN,2013,1.705404188,26266.6768
CAN,2014,1.714172855,27159.47125
CAN,2015,1.693242854,27004.69791
CAN,2016,1.728728459,27846.73124
CAN,2017,1.685803458,27980.77421
CAN,2018,1.679165352,28547.72507
CAN,2019,1.591630632,27563.22538
CAN,2020,1.696375326,27939.27036
CZE,1995,0.875934815,1929.581516
CZE,1996,0.889121528,2042.174039
CZE,1997,0.988186851,2257.947079
CZE,1998,1.060221902,2413.904828
CZE,1999,1.049572944,2422.735809
CZE,2000,1.109974525,2664.673959
CZE,2001,1.09870553,2717.883095
CZE,2002,1.098193894,2759.264415
CZE,2003,1.142098247,2972.412863
CZE,2004,1.139353053,3108.024003
CZE,2005,1.160997496,3376.145239
CZE,2006,1.225423725,3804.634033
CZE,2007,1.295723807,4246.987261
CZE,2008,1.233581602,4151.923879
CZE,2009,1.286557967,4128.555836
CZE,2010,1.326704041,4361.047456
CZE,2011,1.544766454,5167.235125
CZE,2012,1.769671428,5873.07235
CZE,2013,1.879240593,6233.840611
CZE,2014,1.958330634,6643.149801
CZE,2015,1.916889603,6852.954719
CZE,2016,1.670028731,6121.903998
CZE,2017,1.768549598,6818.147967
CZE,2018,1.899447184,7557.017744
CZE,2019,1.92772605,7901.872843
CZE,2020,1.9911275,7688.555832
DNK,1981,1.013747389,1523.844278
DNK,1982,1.051404124,1638.681909
DNK,1983,1.099357756,1757.902407
DNK,1984,1.12655938,1876.447278
DNK,1985,1.158511807,2006.927802
DNK,1986,1.236660179,2247.369323
DNK,1987,1.327182688,2418.007494
DNK,1988,1.40298057,2555.756758
DNK,1989,1.447183822,2653.289102
DNK,1990,1.519010151,2826.061807
DNK,1991,1.583289941,2986.70357
DNK,1992,1.613951366,3104.124911
DNK,1993,1.690422468,3251.549838
DNK,1995,1.789031561,3734.469602
DNK,1996,1.806670226,3880.660136
DNK,1997,1.889140981,4190.124778
DNK,1998,2.006187994,4548.437877
DNK,1999,2.127641406,4966.004187
DNK,2001,2.324664287,5675.500138
DNK,2002,2.441445604,5988.410355
DNK,2003,2.510845037,6182.656488
DNK,2004,2.419163315,6115.844365
DNK,2005,2.393372907,6192.025937
DNK,2006,2.403002599,6460.208775
DNK,2007,2.515412389,6823.896626
DNK,2008,2.773457368,7485.406076
DNK,2009,3.05514206,7841.080171
DNK,2010,2.917066277,7626.781653
DNK,2011,2.944651358,7801.821144
DNK,2012,2.981247114,7916.671916
DNK,2013,2.970481536,7961.706751
DNK,2014,2.914093489,7937.055198
DNK,2015,3.054966482,8515.669113
DNK,2016,3.092833563,8901.06417
DNK,2017,2.931243613,8674.056163
DNK,2018,2.966028405,8951.61187
DNK,2019,2.887997885,8900.428626
DNK,2020,2.961544604,8938.877918
FIN,1981,1.146392447,1318.528489
FIN,1983,1.301984187,1592.146971
FIN,1984,1.431453545,1807.144959
FIN,1985,1.51552496,1981.181669
FIN,1986,1.599170928,2148.135806
FIN,1987,1.686921226,2347.014995
FIN,1988,1.717479696,2514.196446
FIN,1989,1.747771194,2688.696375
FIN,1990,1.820021944,2818.610512
FIN,1991,1.968537498,2869.160565
FIN,1992,2.06073952,2904.589192
FIN,1993,2.095206176,2933.619632
FIN,1994,2.213062436,3221.437623
FIN,1995,2.204367912,3344.091527
FIN,1996,2.452558676,3857.04553
FIN,1997,2.621577526,4383.988245
FIN,1998,2.784425016,4910.416816
FIN,1999,3.056194977,5625.736883
FIN,2000,3.241382006,6311.097448
FIN,2001,3.193723334,6380.603079
FIN,2002,3.253077626,6610.135238
FIN,2003,3.298221405,6836.156679
FIN,2004,3.309072208,7132.450364
FIN,2005,3.323698895,7363.124919
FIN,2006,3.332155098,7679.155962
FIN,2007,3.337041567,8097.958211
FIN,2008,3.536968316,8650.409246
FIN,2009,3.734021689,8394.958819
FIN,2010,3.705320262,8595.835355
FIN,2011,3.618062809,8607.245975
FIN,2012,3.398323692,7971.509731
FIN,2013,3.271372008,7604.523233
FIN,2014,3.14750818,7289.894628
FIN,2015,2.871963479,6687.872474
FIN,2016,2.724418209,6522.654302
FIN,2017,2.727871286,6739.415238
FIN,2018,2.757422859,6890.218978
FIN,2019,2.799684806,7081.224478
FIN,2020,2.912918339,7198.224739
FRA,1981,1.867444786,27351.24832
FRA,1982,1.946901549,29229.41365
FRA,1983,1.984298861,30160.53511
FRA,1984,2.074206196,32004.32237
FRA,1985,2.131079876,33415.4654
FRA,1986,2.1196188,34012.56645
FRA,1987,2.161470792,35572.71974
FRA,1988,2.15242593,37104.06679
FRA,1989,2.194768591,39477.43592
FRA,1990,2.274152071,42101.35616
FRA,1991,2.27747064,42604.733
FRA,1992,2.283088518,43392.90336
FRA,1993,2.318812289,43794.81245
FRA,1994,2.268425747,43853.56345
FRA,1995,2.241079151,44237.61824
FRA,1996,2.222799402,44496.76269
FRA,1997,2.146989216,43983.28912
FRA,1998,2.094757636,44453.28248
FRA,1999,2.107667383,46257.52907
FRA,2000,2.093460978,47748.4961
FRA,2001,2.138042517,49732.69798
FRA,2002,2.174494514,51154.96129
FRA,2003,2.119937208,50282.02386
FRA,2004,2.094612844,51087.22429
FRA,2005,2.051505823,50868.05823
FRA,2006,2.050937992,52099.55707
FRA,2007,2.024512996,52675.28867
FRA,2008,2.061169195,53765.76204
FRA,2009,2.21206518,56043.93923
FRA,2010,2.178573219,56271.40113
FRA,2011,2.191614526,57849.50072
FRA,2012,2.227065823,58969.3445
FRA,2013,2.237025131,59574.42783
FRA,2014,2.27591667,61189.69608
FRA,2015,2.227016847,60541.34444
FRA,2016,2.222383891,61077.22694
FRA,2017,2.198880135,61816.01344
FRA,2018,2.196660102,62905.34827
FRA,2019,2.191788762,63922.60551
FRA,2020,2.354929093,63285.49412
DEU,1981,2.351612025,45487.07403
DEU,1982,2.420257159,46630.02808
DEU,1983,2.409191,47146.68408
DEU,1984,2.428473604,48865.61387
DEU,1985,2.585306935,53232.43027
DEU,1986,2.630580041,55403.54897
DEU,1987,2.727706477,58254.6865
DEU,1988,2.729448108,60452.89936
DEU,1989,2.711178852,62388.0763
DEU,1990,2.605879436,63116.1509
DEU,1991,2.386656577,68054.91208
DEU,1992,2.273039026,66061.58087
DEU,1993,2.205968539,63486.02308
DEU,1994,2.126300029,62656.90255
DEU,1995,2.135198115,63890.67073
DEU,1996,2.144611477,64689.45841
DEU,1997,2.188321291,67190.87684
DEU,1998,2.216129308,69415.07715
DEU,1999,2.347792355,74926.9899
DEU,2000,2.409817362,79146.34639
DEU,2001,2.40437244,80295.3311
DEU,2002,2.436220998,81197.86171
DEU,2003,2.474613872,81900.03582
DEU,2004,2.43518833,81542.26934
DEU,2005,2.441928279,82366.2585
DEU,2006,2.472315478,86573.79637
DEU,2007,2.460480567,88723.86479
DEU,2008,2.615133026,95205.73704
DEU,2009,2.742662559,94163.32603
DEU,2010,2.730237388,97654.82032
DEU,2011,2.805546283,104287.3308
DEU,2012,2.881655551,107564.7324
DEU,2013,2.835986547,106323.2612
DEU,2014,2.877840495,110276.3264
DEU,2015,2.933791744,114097.5636
DEU,2016,2.940389187,116904.2408
DEU,2017,3.047099499,124393.8536
DEU,2018,3.10787993,128253.0303
DEU,2019,3.167702938,132101.5281
DEU,2020,3.14426469,125132.2232
GRC,1981,0.14767742,318.0761854
GRC,1986,0.232272565,514.2922458
GRC,1988,0.25503558,575.6042365
GRC,1989,0.318875511,747.0363396
GRC,1991,0.310491042,749.9430802
GRC,1993,0.402722783,963.8512066
GRC,1995,0.417516618,1040.644236
GRC,1997,0.429098269,1149.453501
GRC,1999,0.568231096,1630.035667
GRC,2001,0.559483888,1736.762635
GRC,2003,0.546536615,1865.29061
GRC,2004,0.527303336,1890.730442
GRC,2005,0.578956184,2088.377821
GRC,2006,0.561182043,2138.684127
GRC,2007,0.57654971,2269.183267
GRC,2008,0.661832067,2596.106706
GRC,2009,0.625568914,2348.32662
GRC,2010,0.603469424,2141.256047
GRC,2011,0.684259788,2181.502638
GRC,2012,0.710051737,2103.306727
GRC,2013,0.81478446,2352.819992
GRC,2014,0.83997594,2437.102666
GRC,2015,0.966054802,2797.411107
GRC,2016,1.005294236,2896.854979
GRC,2017,1.152284368,3356.685367
GRC,2018,1.213710228,3594.612314
GRC,2019,1.275664266,3846.24131
GRC,2020,1.496100803,4104.035076
HUN,1991,1.029180971,1708.10903
HUN,1992,1.012923655,1629.614353
HUN,1993,0.9402925,1504.048557
HUN,1994,0.856194373,1409.891207
HUN,1995,0.7059217,1179.752719
HUN,1996,0.630265062,1054.181626
HUN,1997,0.698951617,1205.812058
HUN,1998,0.657106157,1177.832665
HUN,1999,0.671858998,1241.260112
HUN,2000,0.790957586,1526.749089
HUN,2001,0.913097859,1834.317152
HUN,2002,0.983547016,2069.522311
HUN,2003,0.918650759,2011.924057
HUN,2004,0.859733035,1977.042082
HUN,2005,0.91930705,2204.842326
HUN,2006,0.977103803,2435.974995
HUN,2007,0.954169103,2385.386304
HUN,2008,0.9772714,2467.730518
HUN,2009,1.12762947,2659.603405
HUN,2010,1.12817385,2689.707937
HUN,2011,1.178772798,2862.618898
HUN,2012,1.253806971,3006.540994
HUN,2013,1.383606394,3377.722266
HUN,2014,1.344169793,3420.047211
HUN,2015,1.339200881,3533.589575
HUN,2016,1.179629484,3180.773378
HUN,2017,1.316802777,3702.211349
HUN,2018,1.507550993,4465.665319
HUN,2019,1.477362272,4575.537079
HUN,2020,1.607655871,4746.263548
ISL,1981,0.634855,42.36083675
ISL,1983,0.672207026,44.83389713
ISL,1984,0.7128951,49.51095052
ISL,1985,0.722744787,51.8478589
ISL,1986,0.707725003,53.95395593
ISL,1987,0.74633347,61.759711
ISL,1989,0.973484951,80.69240713
ISL,1990,0.958380651,80.36936053
ISL,1991,1.133138672,94.81208385
ISL,1992,1.303001604,105.346487
ISL,1993,1.307734115,107.1178046
ISL,1994,1.353173852,114.8398703
ISL,1995,1.509836326,128.284737
ISL,1997,1.798081524,168.9734324
ISL,1998,1.950994717,196.8425267
ISL,1999,2.235064946,234.6022307
ISL,2000,2.572011693,283.4277427
ISL,2001,2.839892751,325.5075444
ISL,2002,2.821204104,325.1747494
ISL,2003,2.705499611,318.5202643
ISL,2005,2.679692284,360.9261528
ISL,2006,2.852656806,408.4939585
ISL,2007,2.532935105,393.3772076
ISL,2008,2.464140144,391.1486022
ISL,2009,2.59713372,380.6647324
ISL,2011,2.403665247,348.6463726
ISL,2013,1.69237735,259.3806351
ISL,2014,1.936160269,301.7505026
ISL,2015,2.18138989,355.0528344
ISL,2016,2.109802684,365.0479019
ISL,2017,2.08411605,375.7306121
ISL,2018,2.000198517,378.2429983
ISL,2019,2.323304933,450.0405351
ISL,2020,2.471763117,447.657334
IRL,1981,0.648873515,421.2466027
IRL,1982,0.64495108,428.2610571
IRL,1983,0.622617575,412.4211237
IRL,1984,0.677601102,468.3864041
IRL,1985,0.734366658,523.288503
IRL,1986,0.796622106,565.2185223
IRL,1987,0.793014247,588.8959645
IRL,1988,0.763003308,596.1720808
IRL,1989,0.766314254,633.5704573
IRL,1990,0.793225397,711.3451325
IRL,1991,0.894633903,817.7670233
IRL,1992,0.993716279,938.7044208
IRL,1993,1.124715335,1091.05907
IRL,1994,1.217099373,1248.636401
IRL,1995,1.225375154,1378.243508
IRL,1996,1.271564247,1535.646264
IRL,1997,1.242707421,1666.10713
IRL,1998,1.208008755,1761.416766
IRL,1999,1.151410639,1855.55207
IRL,2000,1.08382587,1910.809673
IRL,2001,1.051936023,1952.963459
IRL,2002,1.055754241,2075.621352
IRL,2003,1.124357804,2277.028861
IRL,2004,1.17777843,2547.080366
IRL,2005,1.191966741,2725.624293
IRL,2006,1.198867101,2877.93871
IRL,2007,1.234083043,3119.649533
IRL,2008,1.391263617,3359.194561
IRL,2009,1.613709667,3697.559642
IRL,2010,1.595038231,3718.921286
IRL,2011,1.552800403,3659.126706
IRL,2012,1.557659935,3668.656317
IRL,2013,1.567984486,3739.763614
IRL,2014,1.522158112,3946.811941
IRL,2015,1.182914561,3839.387718
IRL,2016,1.175709965,3893.935391
IRL,2017,1.255401283,4529.586281
IRL,2018,1.169304165,4599.918277
IRL,2019,1.22588725,5059.633179
IRL,2020,1.232329892,5384.631521
ITA,1981,0.828268208,12535.08407
ITA,1982,0.85064041,12926.91059
ITA,1983,0.89567981,13770.50445
ITA,1984,0.951828493,15105.81788
ITA,1985,1.057729373,17256.1988
ITA,1986,1.067321316,17910.6833
ITA,1987,1.119970528,19394.09104
ITA,1988,1.144461574,20649.44269
ITA,1989,1.161600844,21668.846
ITA,1990,1.201246469,22853.38776
ITA,1991,1.142110493,22062.62103
ITA,1992,1.103736782,21499.21888
ITA,1993,1.051018936,20297.76101
ITA,1994,0.981027348,19353.58533
ITA,1995,0.933569279,18949.01694
ITA,1996,0.945903378,19442.58159
ITA,1997,0.987689651,20673.03813
ITA,1998,1.004867955,21413.41141
ITA,1999,0.980649696,21237.06177
ITA,2000,1.003638383,22557.9986
ITA,2001,1.040703705,23847.534
ITA,2002,1.081237087,24839.2668
ITA,2003,1.058942569,24360.81858
ITA,2004,1.050251357,24504.83137
ITA,2005,1.044351322,24566.45634
ITA,2006,1.084011276,25955.98639
ITA,2007,1.128991247,27435.00476
ITA,2008,1.159724428,27910.72226
ITA,2009,1.217874664,27762.35212
ITA,2010,1.217970018,28240.21424
ITA,2011,1.201548465,28056.51847
ITA,2012,1.262190426,28593.9783
ITA,2013,1.301074753,28932.22188
ITA,2014,1.338404821,29760.98351
ITA,2015,1.33850443,29994.8467
ITA,2016,1.366422477,31016.53285
ITA,2017,1.370134092,31619.50033
ITA,2018,1.424430865,33176.88085
ITA,2019,1.461603416,34212.97181
ITA,2020,1.530774749,32598.03418
JPN,1981,2.003815074,55196.08014
JPN,1982,2.084062048,59289.30913
JPN,1983,2.193578208,64670.34802
JPN,1984,2.284408046,70318.81007
JPN,1985,2.430913999,78689.57697
JPN,1986,2.39667652,80136.86209
JPN,1987,2.454529205,85886.64201
JPN,1988,2.479450798,92538.22323
JPN,1989,2.581719049,101101.3303
JPN,1990,2.661536531,109272.5764
JPN,1991,2.629913501,111778.5737
JPN,1992,2.57876092,110591.5304
JPN,1993,2.524655489,107773.9876
JPN,1994,2.471422294,106644.5234
JPN,1995,2.563019132,113506.8325
JPN,1996,2.643028325,120718.3505
JPN,1997,2.721765284,125534.4131
JPN,1998,2.827451354,128752.2867
JPN,1999,2.84671783,129196.7428
JPN,2000,2.858408118,133313.8028
JPN,2001,2.923484997,136875.3828
JPN,2002,2.965137192,138883.7621
JPN,2003,2.993195203,142350.1832
JPN,2004,2.981245971,144881.4188
JPN,2005,3.130918982,154899.8973
JPN,2006,3.227655613,161877.3198
JPN,2007,3.292571953,167583.6076
JPN,2008,3.292238812,165515.1515
JPN,2009,3.195898318,151524.2768
JPN,2010,3.104951313,153244.9263
JPN,2011,3.205366018,158238.5627
JPN,2012,3.173705284,158829.4736
JPN,2013,3.27895603,167387.0985
JPN,2014,3.367875199,172435.5795
JPN,2015,3.240707296,168514.032
JPN,2016,3.106656458,162761.2602
JPN,2017,3.166356159,168668.1864
JPN,2018,3.221142137,172588.7554
JPN,2019,3.214892911,171839.9082
JPN,2020,3.274602094,167142.9364
KOR,1991,1.714954691,10061.80911
KOR,1992,1.797584715,11200.35418
KOR,1993,1.952204334,13000.31405
KOR,1994,2.119432452,15422.10988
KOR,1995,2.160377108,17231.45882
KOR,1996,2.216161771,19071.19747
KOR,1997,2.248296408,20541.5943
KOR,1998,2.110255795,18291.40683
KOR,1999,2.015671913,19475.02126
KOR,2000,2.125194895,22393.69052
KOR,2001,2.278647192,25175.74723
KOR,2002,2.207744259,26276.71822
KOR,2003,2.277224508,27956.70837
KOR,2004,2.442138487,31539.54658
KOR,2005,2.522896141,33986.3408
KOR,2006,2.719338038,38561.10315
KOR,2007,2.872581495,43096.542
KOR,2008,2.988872005,46192.27526
KOR,2009,3.146685578,49016.74427
KOR,2010,3.315776721,55165.46239
KOR,2011,3.591985221,61963.4021
KOR,2012,3.850404604,68017.04693
KOR,2013,3.951238982,72007.18914
KOR,2014,4.077864757,76694.70866
KOR,2015,3.978200252,76922.04037
KOR,2016,3.987037181,79364.74713
KOR,2017,4.292055599,88135.82829
KOR,2018,4.51633384,95437.66594
KOR,2019,4.62702858,99970.92085
KOR,2020,4.814503321,103135.1777
LUX,2000,1.583135702,653.6393283
LUX,2003,1.623499983,731.8784711
LUX,2004,1.588186362,746.2575954
LUX,2005,1.55873392,750.6035039
LUX,2006,1.648863959,841.7783851
LUX,2007,1.57165274,867.3410066
LUX,2008,1.546630394,850.9699357
LUX,2009,1.588394874,845.6423172
LUX,2010,1.423729589,786.4795524
LUX,2011,1.424527585,795.1381712
LUX,2012,1.206637694,684.6294731
LUX,2013,1.233806915,722.2488696
LUX,2014,1.216999249,731.0970839
LUX,2015,1.252255538,769.3519216
LUX,2016,1.266899976,817.0967673
LUX,2017,1.238980688,809.6155251
LUX,2018,1.167121029,777.9451779
LUX,2019,1.176636334,810.0420989
LUX,2020,1.128600386,763.1713945
MEX,1993,0.177214967,2323.376645
MEX,1994,0.234007665,3219.547498
MEX,1995,0.246045954,3172.204779
MEX,1996,0.250668557,3450.701126
MEX,1997,0.276197685,4062.461431
MEX,1998,0.301958279,4670.710462
MEX,1999,0.344100069,5469.122076
MEX,2000,0.306134903,5106.189395
MEX,2001,0.324179898,5385.305538
MEX,2002,0.354296178,5883.254807
MEX,2003,0.393139264,6622.686196
MEX,2004,0.388162818,6795.216455
MEX,2005,0.398438586,7136.077037
MEX,2006,0.369217256,6909.966851
MEX,2007,0.398333773,7625.71237
MEX,2008,0.443870025,8594.635234
MEX,2009,0.479538784,8794.491237
MEX,2010,0.494848584,9539.747764
MEX,2011,0.471291438,9418.417031
MEX,2012,0.420960514,8719.003747
MEX,2013,0.425028177,8922.458029
MEX,2014,0.435300906,9398.524995
MEX,2015,0.429427152,9577.036854
MEX,2016,0.387775993,8875.62936
MEX,2017,0.328316702,7673.487704
MEX,2018,0.307109396,7335.378931
MEX,2019,0.283847708,6767.164102
MEX,2020,0.297309942,6509.203155
NLD,1981,1.621993744,6680.612684
NLD,1982,1.721262936,7001.516061
NLD,1983,1.758014745,7299.032909
NLD,1984,1.700456243,7276.214324
NLD,1985,1.830990923,8036.920446
NLD,1986,1.937093086,8739.610096
NLD,1987,2.022651616,9301.864233
NLD,1988,1.963227079,9339.273108
NLD,1989,1.875194165,9314.799786
NLD,1990,1.916308422,9917.223005
NLD,1991,1.81527583,9623.494191
NLD,1992,1.752488912,9449.141318
NLD,1993,1.773715886,9683.867114
NLD,1994,1.809476608,10171.63684
NLD,1995,1.822710788,10565.29442
NLD,1996,1.840928894,11044.2423
NLD,1997,1.84477398,11546.41979
NLD,1998,1.74206397,11412.09195
NLD,1999,1.822824162,12542.26706
NLD,2000,1.789795291,12831.69964
NLD,2001,1.796086586,13176.4417
NLD,2002,1.74543089,12832.64313
NLD,2003,1.78389657,13135.86166
NLD,2004,1.789013879,13435.03105
NLD,2005,1.77387939,13594.57985
NLD,2006,1.740667116,13801.7467
NLD,2007,1.670300564,13743.47853
NLD,2008,1.622687338,13641.48538
NLD,2009,1.665701089,13489.61306
NLD,2010,1.704039663,13985.39579
NLD,2011,1.881314735,15679.83663
NLD,2012,1.916273749,15806.64295
NLD,2013,2.156063247,17761.4279
NLD,2014,2.173297993,18158.24223
NLD,2015,2.146062075,18281.9744
NLD,2016,2.150812396,18724.01712
NLD,2017,2.1785663,19517.7013
NLD,2018,2.138795613,19613.78138
NLD,2019,2.184354072,20423.30944
NLD,2020,2.29422756,20635.77592
NZL,1981,0.971475816,721.0027025
NZL,1983,0.867044265,672.1628158
NZL,1989,0.832719234,692.4534538
NZL,1990,0.951330629,796.1909395
NZL,1991,0.940304793,774.258725
NZL,1992,0.96451238,804.2225263
NZL,1993,0.97655695,867.4489275
NZL,1995,0.924131963,903.393256
NZL,1997,1.056485195,1099.341004
NZL,1999,0.96386968,1066.397371
NZL,2001,1.10028591,1292.66171
NZL,2003,1.148911434,1482.668612
NZL,2005,1.120433051,1543.038868
NZL,2007,1.157639294,1696.684436
NZL,2009,1.252148673,1841.579836
NZL,2011,1.232249736,1877.249109
NZL,2013,1.153390151,1840.363147
NZL,2015,1.228166366,2121.765584
NZL,2017,1.346544715,2520.905437
NZL,2019,1.412667112,2810.453671
NOR,1981,1.154424637,1500.136966
NOR,1982,1.224880974,1589.38166
NOR,1983,1.265586881,1691.023128
NOR,1984,1.347796385,1913.285
NOR,1985,1.44201123,2133.999459
NOR,1987,1.607040756,2303.486939
NOR,1989,1.627452779,2353.405402
NOR,1991,1.595153445,2424.338902
NOR,1993,1.667360299,2640.705575
NOR,1995,1.651642859,2831.845371
NOR,1997,1.593495365,3105.610543
NOR,1999,1.605346969,3289.214808
NOR,2001,1.562590695,3690.744522
NOR,2002,1.629697391,3775.726807
NOR,2003,1.679579403,3929.765227
NOR,2004,1.54416103,3881.392159
NOR,2005,1.482386568,4057.338788
NOR,2006,1.455315282,4279.55273
NOR,2007,1.564574182,4688.141525
NOR,2008,1.554480283,4933.066703
NOR,2009,1.724720103,4956.783983
NOR,2010,1.649988289,4885.163121
NOR,2011,1.627123451,5040.499467
NOR,2012,1.620871827,5199.056751
NOR,2013,1.652377033,5349.205021
NOR,2014,1.715061764,5532.771377
NOR,2015,1.935260327,6061.827547
NOR,2016,2.04460213,6258.003236
NOR,2017,2.099186073,6682.85217
NOR,2018,2.047809449,6813.505249
NOR,2019,2.156047284,7006.673402
NOR,2020,2.278041367,6907.856978
POL,1990,0.859158881,3585.316065
POL,1991,0.722197734,2802.336456
POL,1992,0.742631089,2954.096015
POL,1993,0.742267362,3063.028342
POL,1994,0.682670209,2966.199006
POL,1995,0.618095404,2872.322341
POL,1996,0.639365404,3152.863373
POL,1997,0.643152654,3376.073769
POL,1998,0.659706837,3623.670909
POL,1999,0.680547937,3912.156249
POL,2000,0.640776076,3851.529115
POL,2001,0.621586902,3783.210933
POL,2002,0.556749822,3457.57327
POL,2003,0.538061647,3458.417005
POL,2004,0.552497023,3728.151237
POL,2005,0.562779522,3930.709573
POL,2006,0.551021992,4084.551948
POL,2007,0.561933056,4459.576028
POL,2008,0.599437915,4957.021341
POL,2009,0.661059383,5621.420692
POL,2010,0.719925576,6350.993123
POL,2011,0.746634246,6899.976851
POL,2012,0.884103035,8278.635805
POL,2013,0.875908774,8294.239766
POL,2014,0.944821428,9249.068861
POL,2015,1.002752744,10232.01661
POL,2016,0.962872293,10133.75642
POL,2017,1.034181226,11410.02837
POL,2018,1.208914763,14051.91656
POL,2019,1.320636456,16078.89716
POL,2020,1.392049362,16517.75739
PRT,1982,0.269620888,455.4992854
PRT,1983,0.295727169,498.7385284
PRT,1984,0.306297256,506.853477
PRT,1985,0.337375468,573.9543699
PRT,1986,0.342805046,607.3410442
PRT,1987,0.366667515,691.0723824
PRT,1988,0.368769899,747.0867356
PRT,1989,0.429422994,925.9943346
PRT,1990,0.463676318,1039.356722
PRT,1991,0.513568126,1201.478479
PRT,1992,0.55349702,1308.998559
PRT,1993,0.550867102,1276.159526
PRT,1994,0.532405195,1245.290192
PRT,1995,0.516730053,1260.389006
PRT,1996,0.5494979,1387.283096
PRT,1997,0.56374211,1485.879667
PRT,1998,0.624857542,1726.14972
PRT,1999,0.681207731,1955.32995
PRT,2000,0.721561686,2150.200629
PRT,2001,0.764818032,2323.399618
PRT,2002,0.721834883,2209.728422
PRT,2003,0.698018754,2116.937352
PRT,2004,0.729299234,2251.367502
PRT,2005,0.757547228,2356.853927
PRT,2006,0.954479504,3017.798675
PRT,2007,1.124170485,3643.406083
PRT,2008,1.443347158,4692.782976
PRT,2009,1.580011399,4976.737065
PRT,2010,1.535294716,4919.917584
PRT,2011,1.457413801,4591.128122
PRT,2012,1.378605993,4166.66573
PRT,2013,1.3246765,3966.730884
PRT,2014,1.289916954,3893.243239
PRT,2015,1.243297938,3819.784353
PRT,2016,1.280749327,4014.309916
PRT,2017,1.319283663,4280.08032
PRT,2018,1.349554852,4503.039167
PRT,2019,1.395624232,4781.687826
PRT,2020,1.617397875,5073.68754
SVK,1990,1.606492743,
SVK,1991,2.065853386,
SVK,1992,1.726586569,1117.68177
SVK,1993,1.332430032,878.9295436
SVK,1994,0.873630133,612.0464553
SVK,1995,0.902401452,669.1457756
SVK,1996,0.889626423,703.3425398
SVK,1997,1.051081702,880.2328993
SVK,1998,0.765412325,667.1255503
SVK,1999,0.644750786,561.3629769
SVK,2000,0.63806501,562.0224524
SVK,2001,0.624652336,568.1108492
SVK,2002,0.563139309,535.261602
SVK,2003,0.561454564,563.0066856
SVK,2004,0.50069219,528.5803403
SVK,2005,0.493316228,555.2881081
SVK,2006,0.474880115,579.9350796
SVK,2007,0.447458203,605.6380508
SVK,2008,0.461374597,659.2877162
SVK,2009,0.472723062,638.6519014
SVK,2010,0.607907228,872.9724933
SVK,2011,0.655369948,965.9516986
SVK,2012,0.797735132,1191.75398
SVK,2013,0.823091473,1237.685591
SVK,2014,0.88002203,1359.343702
SVK,2015,1.160712865,1886.430785
SVK,2016,0.791015141,1310.418631
SVK,2017,0.886936984,1513.114188
SVK,2018,0.839703435,1486.889982
SVK,2019,0.825737121,1500.254032
SVK,2020,0.911092317,1583.181129
ESP,1981,0.388859372,2907.303364
ESP,1982,0.445834142,3374.822676
ESP,1983,0.43911103,3382.768285
ESP,1984,0.456125007,3576.549456
ESP,1985,0.505284171,4053.989978
ESP,1986,0.561630814,4652.666641
ESP,1987,0.585681212,5121.046273
ESP,1988,0.656558325,6033.231392
ESP,1989,0.691082062,6657.015565
ESP,1990,0.778618129,7783.841092
ESP,1991,0.799323644,8194.280688
ESP,1992,0.835898143,8648.851382
ESP,1993,0.834113621,8541.3656
ESP,1994,0.771256229,8085.92041
ESP,1995,0.770777394,8303.730601
ESP,1996,0.787532708,8709.964021
ESP,1997,0.777806549,8920.905082
ESP,1998,0.848035081,10153.66136
ESP,1999,0.838537038,10490.78239
ESP,2000,0.882762858,11623.45549
ESP,2001,0.888333692,12156.83687
ESP,2002,0.959711668,13492.32641
ESP,2003,1.023729785,14821.50422
ESP,2004,1.040886185,15540.49556
ESP,2005,1.099562628,17016.07586
ESP,2006,1.177022035,18962.08733
ESP,2007,1.240528758,20705.59871
ESP,2008,1.324997724,22311.66196
ESP,2009,1.363636217,22098.17181
ESP,2010,1.359963886,22074.58576
ESP,2011,1.333407404,21467.26859
ESP,2012,1.298770225,20290.81726
ESP,2013,1.275231392,19637.09315
ESP,2014,1.242131185,19392.09358
ESP,2015,1.222357297,19815.26531
ESP,2016,1.19047619,19883.44449
ESP,2017,1.210417724,20817.67632
ESP,2018,1.242126591,21851.98326
ESP,2019,1.251391261,22474.02529
ESP,2020,1.405412729,22508.42159
SWE,1981,2.028502428,4622.678394
SWE,1983,2.259066519,5311.453424
SWE,1985,2.54514808,6371.925479
SWE,1987,2.633075063,6996.506663
SWE,1989,2.581469819,7221.680921
SWE,1991,2.518089596,7016.200409
SWE,1993,2.956800629,7974.931535
SWE,1995,3.095439258,9018.423961
SWE,1997,3.273943922,9986.653398
SWE,1999,3.381317239,11215.8601
SWE,2001,3.873802777,13657.0181
SWE,2003,3.579477509,13194.50522
SWE,2004,3.361289014,12927.57523
SWE,2005,3.359575038,13290.36874
SWE,2006,3.474995723,14387.95923
SWE,2007,3.233825601,13849.90401
SWE,2008,3.469994751,14794.41548
SWE,2009,3.395280751,13847.64788
SWE,2010,3.167886778,13689.24731
SWE,2011,3.18701791,14211.97648
SWE,2012,3.230249051,14320.01471
SWE,2013,3.260416604,14625.42861
SWE,2014,3.10183759,14283.89031
SWE,2015,3.21903452,15489.05168
SWE,2016,3.247361117,15948.88842
SWE,2017,3.362785708,16939.89031
SWE,2018,3.321061258,17055.93824
SWE,2019,3.387582311,17743.1195
SWE,2020,3.527219927,17929.84676
CHE,1981,1.914739511,5733.521796
CHE,1983,1.929150969,5737.469004
CHE,1986,2.449136165,7923.297306
CHE,1989,2.433035466,8615.722924
CHE,1992,2.307361231,8389.686146
CHE,1996,2.373922753,8815.604694
CHE,2000,2.258801584,9353.434468
CHE,2004,2.597772428,11229.00029
CHE,2008,2.638836487,13044.01139
CHE,2012,2.850935191,14700.79651
CHE,2015,3.043109998,16639.89342
CHE,2017,3.034127035,17198.39769
CHE,2019,3.14685792,18580.00224
TUR,1990,0.235592737,1587.380152
TUR,1991,0.383626306,2608.751495
TUR,1992,0.355647186,2563.215802
TUR,1993,0.321446094,2503.033403
TUR,1994,0.262543743,1932.839025
TUR,1995,0.275956315,2177.677469
TUR,1996,0.327809494,2768.089426
TUR,1997,0.356915987,3240.778833
TUR,1998,0.36197543,3388.33915
TUR,1999,0.455568114,4125.27552
TUR,2000,0.465577217,4508.209446
TUR,2001,0.522469853,4768.20512
TUR,2002,0.509041405,4945.192192
TUR,2003,0.465315834,4780.931309
TUR,2004,0.497126591,5608.128212
TUR,2005,0.56380674,6932.295074
TUR,2006,0.552917544,7270.759277
TUR,2007,0.686164199,9477.999199
TUR,2008,0.687409957,9572.595141
TUR,2009,0.803624219,10651.19165
TUR,2010,0.793686043,11405.95845
TUR,2011,0.793930583,12687.34625
TUR,2012,0.825952221,13831.10185
TUR,2013,0.812059898,14752.4069
TUR,2014,0.856398637,16326.40882
TUR,2015,0.876893337,17734.27137
TUR,2016,0.938156932,19603.76253
TUR,2017,0.952721618,21401.61242
TUR,2018,1.025165993,23715.21518
TUR,2019,1.064288073,24839.24606
TUR,2020,1.088926054,25870.08585
GBR,1981,2.238511994,28342.78678
GBR,1983,2.062501354,27759.68858
GBR,1985,2.087601082,29926.83654
GBR,1986,2.101576609,31076.29179
GBR,1987,2.022304344,31516.7312
GBR,1988,1.961221175,32316.87609
GBR,1989,1.953886237,33025.89673
GBR,1990,1.947624794,33161.61438
GBR,1991,1.872320461,31527.76154
GBR,1992,1.839713168,31102.94152
GBR,1993,1.863581515,32290.92737
GBR,1994,1.836322256,33042.34282
GBR,1995,1.644753806,30344.5615
GBR,1996,1.573325461,29731.68558
GBR,1997,1.538613352,30503.05316
GBR,1998,1.548053227,31658.15964
GBR,1999,1.624676129,34218.58947
GBR,2000,1.612926718,35218.67096
GBR,2001,1.601193671,35687.12883
GBR,2002,1.615325421,36766.4995
GBR,2003,1.579251887,37034.53497
GBR,2004,1.530705816,36741.6756
GBR,2005,1.549037764,38145.92463
GBR,2006,1.571257149,39692.9594
GBR,2007,1.610133336,41598.16103
GBR,2008,1.603826672,41335.93236
GBR,2009,1.660989519,40990.94889
GBR,2010,1.635162,41213.67228
GBR,2011,1.639985169,41937.72583
GBR,2012,1.56888033,40709.14231
GBR,2013,1.610295819,42573.50833
GBR,2014,1.630967901,44409.83492
GBR,2015,1.634239556,45665.94641
GBR,2016,1.642813435,46944.58324
GBR,2017,1.659810514,48442.66431
GBR,2018,1.704941179,50581.33027
GBR,2019,1.707992301,51519.05448
USA,1981,2.268434258,164698.7799
USA,1982,2.427362119,173060.3081
USA,1983,2.48767523,185490.4149
USA,1984,2.547903886,203729.5389
USA,1985,2.655436322,221181.1356
USA,1986,2.632564768,226868.8333
USA,1987,2.608875784,232604.7122
USA,1988,2.562851661,238045.8854
USA,1989,2.521024589,242760.7569
USA,1990,2.555509231,250722.4474
USA,1991,2.620727769,256842.7032
USA,1992,2.543349986,258039.3567
USA,1993,2.422469523,252538.4461
USA,1994,2.327529054,252416.5657
USA,1995,2.409463873,268316.1778
USA,1996,2.450008182,283123.8974
USA,1997,2.479830947,299314.5071
USA,1998,2.504011722,315777.374
USA,1999,2.549513185,336930.5589
USA,2000,2.629150932,361621.3563
USA,2001,2.648269517,367727.1903
USA,2002,2.560968379,361635.7911
USA,2003,2.56494813,372325.5631
USA,2004,2.501719707,377137.8415
USA,2005,2.516473982,392576.0827
USA,2006,2.557459935,410072.5681
USA,2007,2.627539099,429779.7705
USA,2008,2.757222782,451542.8674
USA,2009,2.807039089,447749.4183
USA,2010,2.725056931,446447.1536
USA,2011,2.755124431,458368.9357
USA,2012,2.672264068,454723.0443
USA,2013,2.702147502,468277.2242
USA,2014,2.717859421,481775.4826
USA,2015,2.786995271,507401
USA,2016,2.853452663,528162.7902
USA,2017,2.905138359,549859.0549
USA,2018,3.013203142,586959.229
USA,2019,3.175077302,632648.0947
USA,2020,3.450180738,664058.3233
ARG,1996,0.373436483,2001.777948
ARG,1997,0.375309984,2175.013631
ARG,1998,0.367874966,2214.005735
ARG,1999,0.405491517,2357.782867
ARG,2000,0.392498718,2264.216349
ARG,2001,0.37976706,2094.199631
ARG,2002,0.347796478,1708.948502
ARG,2003,0.366816404,1963.813833
ARG,2004,0.403759771,2354.219515
ARG,2005,0.42074496,2670.409645
ARG,2006,0.452155425,3100.702029
ARG,2007,0.46006591,3439.13578
ARG,2008,0.470544809,3660.180717
ARG,2009,0.58705209,4296.17831
ARG,2010,0.564050123,4545.805493
ARG,2011,0.569338199,4863.909996
ARG,2012,0.638878111,5401.974043
ARG,2013,0.622336145,5388.675657
ARG,2014,0.592492534,5001.362356
ARG,2015,0.618540979,5363.843618
ARG,2016,0.530192017,4502.054682
ARG,2017,0.556314999,4857.017029
ARG,2018,0.501220517,4263.743972
ARG,2019,0.464695218,3870.493455
CHL,2007,0.309565375,966.9740484
CHL,2008,0.374967889,1212.608929
CHL,2009,0.352021253,1120.594457
CHL,2010,0.329474896,1110.11734
CHL,2011,0.351442057,1256.493843
CHL,2012,0.362204702,1363.847805
CHL,2013,0.388699662,1522.815259
CHL,2014,0.375034342,1495.236731
CHL,2015,0.380727106,1552.903047
CHL,2016,0.369342945,1532.246569
CHL,2017,0.35592638,1494.077788
CHL,2018,0.366472709,1595.480371
CHL,2019,0.340954529,1498.367066
CHN,1991,0.72463373,13087.14865
CHN,1992,0.728198717,15022.30974
CHN,1993,0.69522779,16333.36532
CHN,1994,0.629678746,16721.93806
CHN,1995,0.568455443,16749.68724
CHN,1996,0.563235933,18242.66121
CHN,1997,0.638725459,22598.5244
CHN,1998,0.646888627,24683.11285
CHN,1999,0.749632306,30794.96418
CHN,2000,0.89316325,39806.30693
CHN,2001,0.940330913,45401.85757
CHN,2002,1.057860257,55741.65266
CHN,2003,1.120366462,64961.271
CHN,2004,1.214982433,77572.10202
CHN,2005,1.307915592,93020.65009
CHN,2006,1.368536788,109713.7207
CHN,2007,1.373694104,125799.1956
CHN,2008,1.445920088,145192.228
CHN,2009,1.664795447,182882.5565
CHN,2010,1.713721488,208279.9784
CHN,2011,1.780343022,237042.7198
CHN,2012,1.912141,274611.1976
CHN,2013,1.99786394,309205.0586
CHN,2014,2.02243256,336250.7209
CHN,2015,2.05701037,366080.9321
CHN,2016,2.10032842,399390.1551
CHN,2017,2.116029774,430329.7033
CHN,2018,2.140578042,464705.2387
CHN,2019,2.234772159,514797.6569
CHN,2020,2.400929967,563310.1787
EST,1998,0.565004959,120.2390197
EST,1999,0.677071055,143.4754546
EST,2000,0.600007212,139.9711019
EST,2001,0.698381849,172.701366
EST,2002,0.711618207,187.8904399
EST,2003,0.764649332,217.2367448
EST,2004,0.845837946,256.6526016
EST,2005,0.917042448,304.7662513
EST,2006,1.112772341,405.9288741
EST,2007,1.05874252,415.4914118
EST,2008,1.251883515,466.0745235
EST,2009,1.396796722,443.950675
EST,2010,1.578983651,514.122725
EST,2011,2.305215,805.1019738
EST,2012,2.124805798,766.0499007
EST,2013,1.724119915,630.6572965
EST,2014,1.430231283,538.9113902
EST,2015,1.467765455,563.3024765
EST,2016,1.243061988,492.1193622
EST,2017,1.276852075,534.775194
EST,2018,1.416238992,617.6735747
EST,2019,1.633366707,741.5520522
EST,2020,1.792467261,789.7687164
ISR,1991,2.213540876,2382.665327
ISR,1992,2.270610281,2633.738932
ISR,1993,2.369231641,2861.266285
ISR,1994,2.420602174,3140.443884
ISR,1995,2.428139926,3358.230093
ISR,1996,2.586209032,3792.38851
ISR,1997,2.805871336,4275.976113
ISR,1998,2.917300883,4632.413649
ISR,1999,3.32852811,5474.096388
ISR,2000,3.929943321,7037.893843
ISR,2001,4.183080004,7498.920989
ISR,2002,4.129837193,7389.019162
ISR,2003,3.890577421,7040.954456
ISR,2004,3.870759345,7349.420422
ISR,2005,4.044555749,7998.742449
ISR,2006,4.137985221,8656.263183
ISR,2007,4.417344928,9804.523271
ISR,2008,4.330119342,9943.389344
ISR,2009,4.123291479,9576.668328
ISR,2010,3.924362634,9632.765841
ISR,2011,4.002691016,10369.5806
ISR,2012,4.141548386,11032.17555
ISR,2013,4.074782526,11372.87076
ISR,2014,4.155363115,12076.16384
ISR,2015,4.261484284,12666.90898
ISR,2016,4.510863207,14006.52857
ISR,2017,4.656755384,15092.42142
ISR,2018,4.796615551,16164.9568
ISR,2019,5.13983103,17975.27096
ISR,2020,5.435621208,18600.38852
ROU,1991,0.743700325,1799.610727
ROU,1992,0.804157722,1771.385206
ROU,1993,0.866368342,1935.650605
ROU,1994,0.734072082,1703.599651
ROU,1995,0.758347568,1886.117614
ROU,1996,0.674718336,1743.695912
ROU,1997,0.57450912,1412.726535
ROU,1998,0.495407442,1193.48706
ROU,1999,0.398322764,955.9855602
ROU,2000,0.366258496,900.6655992
ROU,2001,0.391291781,1012.435485
ROU,2002,0.377211822,1031.666031
ROU,2003,0.397079059,1111.427403
ROU,2004,0.389422706,1203.663443
ROU,2005,0.412623635,1334.911334
ROU,2006,0.456818218,1596.545613
ROU,2007,0.511482387,1916.903902
ROU,2008,0.552150603,2261.919153
ROU,2009,0.443950247,1718.326188
ROU,2010,0.456651047,1698.531494
ROU,2011,0.498636672,1890.050332
ROU,2012,0.48542284,1877.51175
ROU,2013,0.388173841,1557.989588
ROU,2014,0.381610679,1586.920509
ROU,2015,0.48838137,2090.911002
ROU,2016,0.481258426,2157.316931
ROU,2017,0.503218165,2420.863601
ROU,2018,0.501117648,2518.628619
ROU,2019,0.478324864,2504.76018
ROU,2020,0.468827145,2363.012915
RUS,1989,1.773550861,58929.98703
RUS,1990,1.892051874,60981.41409
RUS,1991,1.332246153,40771.61311
RUS,1992,0.689430745,18028.91109
RUS,1993,0.715774081,17099.23841
RUS,1994,0.785291242,16401.78434
RUS,1995,0.792651714,14783.20108
RUS,1996,0.900225934,16183.76806
RUS,1997,0.972755301,17729.19124
RUS,1998,0.888960048,15335.98739
RUS,1999,0.928479408,17035.06381
RUS,2000,0.978436685,19755.00407
RUS,2001,1.096900331,23274.35098
RUS,2002,1.161744853,25819.5948
RUS,2003,1.197321175,28551.71969
RUS,2004,1.071913208,27395.45823
RUS,2005,0.994296832,27032.07736
RUS,2006,0.998925868,29372.23068
RUS,2007,1.039122831,33161.99804
RUS,2008,0.97230527,32658.03894
RUS,2009,1.165557789,36087.25164
RUS,2010,1.052232846,34045.80639
RUS,2011,1.015448468,34256.64101
RUS,2012,1.027656902,36063.58859
RUS,2013,1.027321227,36684.6702
RUS,2014,1.072411198,38576.74248
RUS,2015,1.100852282,38818.63092
RUS,2016,1.102380719,38947.81202
RUS,2017,1.109666157,39921.02358
RUS,2018,0.990016613,36616.39061
RUS,2019,1.038786836,39201.26397
RUS,2020,1.098029538,40214.02057
SGP,1994,1.043912598,1628.979913
SGP,1995,1.097962211,1836.696697
SGP,1996,1.319912327,2372.946577
SGP,1997,1.415644902,2756.801663
SGP,1998,1.737070387,3308.476003
SGP,1999,1.816242457,3657.278364
SGP,2000,1.816987498,3989.500983
SGP,2001,2.009303505,4364.600605
SGP,2002,2.032817516,4588.534187
SGP,2003,1.996791637,4711.652902
SGP,2004,2.078592626,5386.290184
SGP,2005,2.148056393,5975.918107
SGP,2006,2.116563092,6418.553558
SGP,2007,2.319859067,7669.768002
SGP,2008,2.596735947,8745.552308
SGP,2009,2.127902633,7175.237941
SGP,2010,1.929181623,7450.070722
SGP,2011,2.069548755,8498.668736
SGP,2012,1.918334032,8229.172791
SGP,2013,1.921039374,8639.409074
SGP,2014,2.082281922,9733.334928
SGP,2015,2.174449945,10467.9195
SGP,2016,2.074713163,10320.27792
SGP,2017,1.898722483,9871.787569
SGP,2018,1.813907804,9760.661451
SGP,2019,1.890639385,10310.41152
SVN,1993,1.531333152,558.5674666
SVN,1994,1.682805485,646.5194515
SVN,1995,1.487793088,595.0737796
SVN,1996,1.264730707,522.0578997
SVN,1997,1.246431366,540.4856705
SVN,1998,1.305146375,584.5055105
SVN,1999,1.336877686,630.6438165
SVN,2000,1.359816613,665.0217263
SVN,2001,1.467670057,740.8551579
SVN,2002,1.443247516,754.0663118
SVN,2003,1.247916446,671.3111489
SVN,2004,1.370263966,769.2602669
SVN,2005,1.417775545,826.1623637
SVN,2006,1.537052303,947.1355799
SVN,2007,1.427033587,940.7212463
SVN,2008,1.626731841,1110.003551
SVN,2009,1.811841184,1142.990912
SVN,2010,2.051325096,1311.457156
SVN,2011,2.412971178,1555.95286
SVN,2012,2.560613009,1607.575273
SVN,2013,2.564868238,1593.67273
SVN,2014,2.3654796,1510.469157
SVN,2015,2.19564741,1433.009238
SVN,2016,2.00763704,1352.125501
SVN,2017,1.86530114,1316.757405
SVN,2018,1.946448291,1434.808253
SVN,2019,2.047036302,1558.004938
SVN,2020,2.147346482,1565.230309
ZAF,1983,0.790632342,2596.219912
ZAF,1985,0.818678631,2791.16622
ZAF,1987,0.737501158,2567.682876
ZAF,1989,0.683413309,2538.680706
ZAF,1991,0.814036015,2983.603798
ZAF,1993,0.591272409,2146.979999
ZAF,1997,0.583544417,2415.01514
ZAF,2001,0.715781011,3261.280757
ZAF,2003,0.760511252,3698.112491
ZAF,2004,0.813341049,4135.138565
ZAF,2005,0.863151104,4619.959727
ZAF,2006,0.89814994,5076.673693
ZAF,2007,0.882865198,5257.780859
ZAF,2008,0.888158989,5458.091827
ZAF,2009,0.835621015,5056.240045
ZAF,2010,0.737035791,4595.278224
ZAF,2011,0.734513757,4729.95401
ZAF,2012,0.733629558,4828.824735
ZAF,2013,0.724879656,4889.805967
ZAF,2014,0.771150624,5298.015272
ZAF,2015,0.798459349,5551.117361
ZAF,2016,0.818822569,5715.40788
ZAF,2017,0.832146409,5890.569417
TWN,1995,1.691651806,8037.080601
TWN,1996,1.717714794,8664.968194
TWN,1997,1.795730114,9606.754949
TWN,1998,1.883935488,10502.38202
TWN,1999,1.943193273,11562.02309
TWN,2000,1.913441501,12103.82131
TWN,2001,2.025549178,12633.42226
TWN,2002,2.111092249,13888.66485
TWN,2003,2.223921209,15249.04623
TWN,2004,2.270311998,16649.39306
TWN,2005,2.334368224,18040.64486
TWN,2006,2.44211627,19962.4626
TWN,2007,2.482963782,21686.83503
TWN,2008,2.672309313,23527.26711
TWN,2009,2.841087996,24609.67008
TWN,2010,2.815572963,26887.27718
TWN,2011,2.912290558,28832.71602
TWN,2012,2.956832053,29923.91229
TWN,2013,3.002038415,31136.1241
TWN,2014,2.98031505,32369.43532
TWN,2015,2.99980018,33058.82144
TWN,2016,3.086007654,34745.11946
TWN,2017,3.194630929,37159.16676
TWN,2018,3.352300744,40079.67086
TWN,2019,3.488764009,42947.99543
TWN,2020,3.636459829,46164.16058
OECD,1991,2.018770025,634211.3461
OECD,1992,1.982362398,636711.6463
OECD,1993,1.93525271,630917.3817
OECD,1994,1.889165971,635265.3204
OECD,1995,1.919715445,662301.6577
OECD,1996,1.944303311,692130.3955
OECD,1997,1.965639604,725407.34
OECD,1998,1.997173695,754536.9391
OECD,1999,2.041218408,796111.1497
OECD,2000,2.084849303,846366.2587
OECD,2001,2.121197955,873390.9273
OECD,2002,2.098451102,878511.4288
OECD,2003,2.102550865,898598.2946
OECD,2004,2.074723905,915945.1795
OECD,2005,2.104413797,955845.2341
OECD,2006,2.131372438,1003445.829
OECD,2007,2.173963059,1051390.847
OECD,2008,2.239925929,1092658.219
OECD,2009,2.285491511,1079342.407
OECD,2010,2.245494092,1094872.99
OECD,2011,2.274394556,1135162.87
OECD,2012,2.267108366,1147119.435
OECD,2013,2.29277012,1179565.706
OECD,2014,2.315437121,1217522.546
OECD,2015,2.327828064,1251777.028
OECD,2016,2.326570498,1278981.903
OECD,2017,2.367468902,1336339.384
OECD,2018,2.438051328,1407040.139
OECD,2019,2.514988806,1474680.983
OECD,2020,2.680949482,1501490.379
LVA,1995,0.431489182,96.54650719
LVA,1996,0.396879248,91.1006997
LVA,1997,0.366266838,91.503378
LVA,1998,0.379217096,100.7412828
LVA,1999,0.351825199,96.04051089
LVA,2000,0.434827742,125.4353779
LVA,2001,0.402618563,123.4938528
LVA,2002,0.408427424,134.1539733
LVA,2003,0.359293186,127.9549288
LVA,2004,0.398393291,153.6300644
LVA,2005,0.527072348,225.0307088
LVA,2006,0.646911255,309.2426159
LVA,2007,0.551065908,289.6181446
LVA,2008,0.577202484,293.5173019
LVA,2009,0.448578758,195.6081937
LVA,2010,0.605712191,252.3191126
LVA,2011,0.715617512,305.7465282
LVA,2012,0.663065513,303.2300449
LVA,2013,0.613213498,286.0707236
LVA,2014,0.689077137,327.5700171
LVA,2015,0.619401024,305.8871124
LVA,2016,0.435136929,219.9772481
LVA,2017,0.511035381,266.9058781
LVA,2018,0.638687095,346.8843596
LVA,2019,0.636925591,354.5216217
LVA,2020,0.707377355,378.5860633
LTU,1995,0.428852999,155.2945021
LTU,1996,0.491702869,187.2382651
LTU,1997,0.536671791,221.3466123
LTU,1998,0.543805509,241.0561707
LTU,1999,0.502062051,220.0116846
LTU,2000,0.585531721,266.0717679
LTU,2001,0.667615892,323.1700326
LTU,2002,0.657551312,339.7877516
LTU,2003,0.664126274,379.4461487
LTU,2004,0.751402248,457.5145149
LTU,2005,0.748210573,490.7976024
LTU,2006,0.792041311,558.0688666
LTU,2007,0.801738112,627.6474914
LTU,2008,0.7893156,634.0775306
LTU,2009,0.830839422,568.3966505
LTU,2010,0.783303507,544.7248271
LTU,2011,0.902693362,665.6608478
LTU,2012,0.893042643,683.8577978
LTU,2013,0.948716776,752.2818579
LTU,2014,1.030107976,845.711792
LTU,2015,1.043413346,873.9787133
LTU,2016,0.84240977,723.3883142
LTU,2017,0.896261084,802.5913544
LTU,2018,0.93663154,872.2362231
LTU,2019,0.994677218,968.6575765
LTU,2020,1.155281937,1123.571119
COL,2000,0.140081247,468.2775837
COL,2001,0.141036073,479.380389
COL,2002,0.16390567,571.0633217
COL,2003,0.179071814,648.3513575
COL,2004,0.173721659,662.5236289
COL,2005,0.165566684,661.1412295
COL,2006,0.164266293,700.0077058
COL,2007,0.183066503,832.6895293
COL,2008,0.195410507,918.0214935
COL,2009,0.193505311,919.4312651
COL,2010,0.193579082,961.1228416
COL,2011,0.198419817,1053.604814
COL,2012,0.221158538,1220.294831
COL,2013,0.257607233,1494.384231
COL,2014,0.303173607,1837.840734
COL,2015,0.36542298,2280.675949
COL,2016,0.270510535,1723.550367
COL,2017,0.261087768,1686.12662
COL,2018,0.312330762,2068.782074
COL,2019,0.321693074,2200.708998
COL,2020,0.28811814,1837.076183
EU27_2020,1991,1.646047338,186905.5096
EU27_2020,1992,1.628441936,186373.5347
EU27_2020,1993,1.616963844,184019.402
EU27_2020,1994,1.572593315,183650.7381
EU27_2020,1995,1.5638115,187098.7999
EU27_2020,1996,1.574820328,191948.2916
EU27_2020,1997,1.589703925,198978.7952
EU27_2020,1998,1.59807427,206364.3924
EU27_2020,1999,1.648045636,218553.4682
EU27_2020,2000,1.675563944,230906.9319
EU27_2020,2001,1.698713057,239582.6489
EU27_2020,2002,1.709006129,244433.4589
EU27_2020,2003,1.702976871,246395.4135
EU27_2020,2004,1.681158271,249625.7594
EU27_2020,2005,1.680398952,255072.9205
EU27_2020,2006,1.701863419,268751.0483
EU27_2020,2007,1.703448355,278229.5442
EU27_2020,2008,1.778832231,294059.5116
EU27_2020,2009,1.857887505,294167.2715
EU27_2020,2010,1.861911369,301142.0522
EU27_2020,2011,1.906896703,313947.4199
EU27_2020,2012,1.961102273,321116.3984
EU27_2020,2013,1.976458459,323205.6921
EU27_2020,2014,2.00090853,332021.4794
EU27_2020,2015,2.004072926,340526.1563
EU27_2020,2016,1.991883783,345457.7262
EU27_2020,2017,2.030300075,362507.7386
EU27_2020,2018,2.074024808,377800.3194
EU27_2020,2019,2.109543831,392606.9443
EU27_2020,2020,2.204172845,385450.4348
